time,dim_0,y,x,spatial_ref,coastal,blue,green,red,rededge1,rededge2,rededge3,nir,nir08,nir09,swir16,swir22,scl,aot,wvp,geometry,es_incendio
2022-11-29 14:52:04.587,0,6327645.0,299625.0,32719,2226,2049,2027,1980,2217,2678,2848,3033,3007,2650,2749,1977,8,229,765,POINT (299625 6327645),0
2022-11-29 14:52:04.587,1,6323535.0,299985.0,32719,7669,6870,6497,6323,6599,6505,6501,6468,6495,6637,5549,4423,9,217,765,POINT (299985 6323535),0
2022-11-29 14:52:04.587,2,6324855.0,298305.0,32719,5079,4679,4418,4264,4543,4694,4791,4745,4834,4448,4300,3443,9,217,765,POINT (298305 6324855),0
2022-11-29 14:52:04.587,3,6326835.0,300195.0,32719,7397,7002,6632,6590,6933,7123,7179,7178,7181,6231,7432,6307,9,220,790,POINT (300195 6326835),0
2022-11-29 14:52:04.587,4,6322815.0,299055.0,32719,8905,7804,7218,6891,7126,6963,6856,6959,6798,7636,5495,4228,9,213,765,POINT (299055 6322815),0
2022-11-29 14:52:04.587,5,6323715.0,303975.0,32719,770,743,899,1200,1482,1850,2054,2263,2392,2543,2925,1990,5,209,640,POINT (303975 6323715),1
2022-11-29 14:52:04.587,6,6327225.0,302835.0,32719,926,843,1089,1441,1770,2299,2550,2738,2882,2791,3386,2236,5,231,1107,POINT (302835 6327225),0
2022-11-29 14:52:04.587,7,6324705.0,299505.0,32719,2573,1950,1967,1972,2234,2669,2893,2836,3072,2877,2977,2204,3,214,765,POINT (299505 6324705),1
2022-11-29 14:52:04.587,8,6323625.0,298545.0,32719,7140,6391,5933,5697,5991,5919,5951,5979,5902,6279,5062,4038,9,219,765,POINT (298545 6323625),1
2022-11-29 14:52:04.587,9,6325485.0,304605.0,32719,712,970,1269,1630,2022,2828,3189,3534,3631,3314,3146,1974,5,227,1145,POINT (304605 6325485),0
2022-11-29 14:52:04.587,10,6327345.0,300345.0,32719,1602,1614,1587,1623,1970,2563,2746,2954,2934,2416,3140,2106,5,231,1022,POINT (300345 6327345),0
2022-11-29 14:52:04.587,11,6322665.0,301815.0,32719,7275,6674,6155,5980,6188,6158,6156,6226,6097,6596,5613,4713,9,202,790,POINT (301815 6322665),0
2022-11-29 14:52:04.587,12,6327525.0,303465.0,32719,704,688,850,1110,1430,1763,1944,2072,2165,2199,2839,1984,5,230,1125,POINT (303465 6327525),0
2022-11-29 14:52:04.587,13,6325035.0,298935.0,32719,2636,2526,2423,2384,2594,2851,2971,3067,3107,2769,3025,2144,8,209,765,POINT (298935 6325035),0
2022-11-29 14:52:04.587,14,6322215.0,299625.0,32719,7281,6531,6173,5968,6228,6116,6151,6102,6095,6511,5058,3937,9,206,765,POINT (299625 6322215),0
2022-11-29 14:52:04.587,15,6323535.0,304725.0,32719,642,730,956,1335,1643,1956,2123,2312,2440,2344,2891,1948,5,206,666,POINT (304725 6323535),0
2022-11-29 14:52:04.587,16,6326265.0,299445.0,32719,5148,4715,4443,4391,4646,4805,4831,4791,4902,4388,4885,3877,9,216,765,POINT (299445 6326265),0
2022-11-29 14:52:04.587,17,6327195.0,304305.0,32719,768,743,971,1276,1612,1964,2203,2448,2574,2551,2712,1775,5,230,1052,POINT (304305 6327195),1
2022-11-29 14:52:04.587,18,6324885.0,302745.0,32719,693,751,928,1242,1525,1788,1996,2230,2260,2136,2706,1863,5,217,870,POINT (302745 6324885),1
2022-11-29 14:52:04.587,19,6322395.0,301635.0,32719,6192,5653,5236,5096,5243,5248,5274,5353,5267,5614,4713,3993,9,203,790,POINT (301635 6322395),0
2022-11-29 14:52:04.587,20,6323475.0,299325.0,32719,7917,7326,6809,6566,6816,6720,6656,6828,6603,6948,5634,4574,9,219,765,POINT (299325 6323475),1
2022-11-29 14:52:04.587,21,6324675.0,300585.0,32719,3773,3407,3180,3179,3452,3686,3818,4047,4031,3695,4261,3199,8,227,790,POINT (300585 6324675),1
2022-11-29 14:52:04.587,22,6326715.0,300465.0,32719,3684,3096,3017,3016,3268,3574,3647,3623,3669,3443,4156,3250,8,218,790,POINT (300465 6326715),1
2022-11-29 14:52:04.587,23,6327285.0,300855.0,32719,947,860,1105,1612,2006,2381,2448,2403,2409,2442,3278,2297,5,230,1102,POINT (300855 6327285),1
2022-11-29 14:52:04.587,24,6325935.0,299205.0,32719,9137,7948,7528,7293,7600,7524,7463,7450,7372,7158,6864,5686,9,216,765,POINT (299205 6325935),0
2022-11-29 14:52:04.587,25,6322215.0,298575.0,32719,7861,7146,6492,6139,6389,6300,6250,6606,6143,7131,5268,3838,9,214,765,POINT (298575 6322215),0
2022-11-29 14:52:04.587,26,6326565.0,304905.0,32719,730,583,639,720,978,1434,1668,1774,1882,2123,2207,1537,5,226,740,POINT (304905 6326565),0
2022-11-29 14:52:04.587,27,6326655.0,298785.0,32719,7256,6840,6438,6382,6704,6739,6757,6778,6744,5953,6980,5864,9,222,765,POINT (298785 6326655),0
2022-11-29 14:52:04.587,28,6326325.0,300045.0,32719,3262,2926,2812,2851,3170,3494,3522,3454,3657,2863,3965,3172,8,218,790,POINT (300045 6326325),0
2022-11-29 14:52:04.587,29,6326415.0,304815.0,32719,640,529,730,683,1160,1963,2207,2331,2412,2632,2229,1407,4,226,948,POINT (304815 6326415),0
2022-11-29 14:52:04.587,30,6326985.0,303165.0,32719,895,793,893,923,1304,1824,2024,2149,2268,2415,2548,1672,5,228,1019,POINT (303165 6326985),0
2022-11-29 14:52:04.587,31,6324645.0,302895.0,32719,769,684,805,986,1323,1867,2138,2341,2453,2340,2451,1568,5,214,867,POINT (302895 6324645),1
2022-11-29 14:52:04.587,32,6322215.0,300975.0,32719,8261,7055,6426,6222,6386,6316,6331,6425,6303,7135,5444,4377,9,213,790,POINT (300975 6322215),0
2022-11-29 14:52:04.587,33,6322935.0,301665.0,32719,6049,5938,5520,5417,5633,5694,5697,5842,5743,5615,5604,4839,9,205,790,POINT (301665 6322935),0
2022-11-29 14:52:04.587,34,6326145.0,304275.0,32719,513,322,473,360,782,1873,2139,2299,2427,2484,1489,864,4,228,1014,POINT (304275 6326145),0
2022-11-29 14:52:04.587,35,6325365.0,298125.0,32719,6089,4345,4164,4092,4385,4467,4528,4399,4609,5185,4169,3329,9,211,765,POINT (298125 6325365),0
2022-11-29 14:52:04.587,36,6324675.0,303135.0,32719,655,607,751,1002,1219,1526,1700,1928,2024,2215,2609,1714,5,213,671,POINT (303135 6324675),1
2022-11-29 14:52:04.587,37,6324015.0,303345.0,32719,864,824,1052,1427,1723,2087,2287,2438,2590,2817,3465,2344,5,212,673,POINT (303345 6324015),0
2022-11-29 14:52:04.587,38,6327435.0,299355.0,32719,2717,2018,2137,2240,2577,3068,3240,3156,3516,3112,3308,2469,8,225,765,POINT (299355 6327435),0
2022-11-29 14:52:04.587,39,6327435.0,304065.0,32719,719,736,938,1496,1812,2066,2398,2758,3050,2793,3620,2118,5,235,1055,POINT (304065 6327435),0
2022-11-29 14:52:04.587,40,6326715.0,300615.0,32719,1139,811,902,893,1283,1816,1982,2100,2112,2218,2609,1759,5,221,792,POINT (300615 6326715),1
2022-11-29 14:52:04.587,41,6322215.0,301935.0,32719,6877,6107,5595,5347,5578,5568,5542,5626,5495,6480,4722,3928,9,207,790,POINT (301935 6322215),0
2022-11-29 14:52:04.587,42,6323775.0,300735.0,32719,8624,7940,7244,6966,7207,7164,7173,7248,7198,7347,6134,4936,9,219,790,POINT (300735 6323775),0
2022-11-29 14:52:04.587,43,6326985.0,300345.0,32719,5797,4530,4337,4359,4642,4870,4971,4994,5029,4854,5491,4591,8,224,790,POINT (300345 6326985),0
2022-11-29 14:52:04.587,44,6322335.0,303165.0,32719,4460,3626,3399,3308,3633,3854,3943,4029,3990,5145,3715,3095,9,194,790,POINT (303165 6322335),0
2022-11-29 14:52:04.587,45,6324825.0,303165.0,32719,749,669,835,1189,1461,1722,1937,2143,2256,2438,2739,1780,5,216,757,POINT (303165 6324825),1
2022-11-29 14:52:04.587,46,6323205.0,299625.0,32719,7035,6812,6262,6011,6331,6170,6133,6239,6051,6183,5252,4130,9,217,765,POINT (299625 6323205),1
2022-11-29 14:52:04.587,47,6326085.0,303945.0,32719,966,861,1116,1521,2044,2352,2580,2767,2986,3275,3235,2029,5,229,1114,POINT (303945 6326085),0
2022-11-29 14:52:04.587,48,6324495.0,298425.0,32719,5532,5058,4708,4459,4682,4834,4836,5053,4834,4892,4400,3347,9,220,765,POINT (298425 6324495),0
2022-11-29 14:52:04.587,49,6326505.0,299655.0,32719,6957,6553,6162,5986,6294,6305,6356,6427,6330,5783,6411,5509,9,216,765,POINT (299655 6326505),0
2022-11-29 14:52:04.587,50,6327435.0,304995.0,32719,583,538,677,869,1216,1548,1823,1902,2101,2268,2484,1619,5,226,881,POINT (304995 6327435),0
2022-11-29 14:52:04.587,51,6326745.0,303105.0,32719,907,789,944,1071,1444,2001,2214,2377,2529,2478,2626,1708,5,230,1034,POINT (303105 6326745),0
2022-11-29 14:52:04.587,52,6323055.0,304725.0,32719,748,697,870,1169,1415,1732,1877,2091,2168,2199,2754,1893,5,200,462,POINT (304725 6323055),1
2022-11-29 14:52:04.587,53,6326625.0,299415.0,32719,6533,5912,5577,5441,5714,5780,5801,5768,5821,5319,5782,4923,9,219,765,POINT (299415 6326625),0
2022-11-29 14:52:04.587,54,6324105.0,303435.0,32719,773,683,889,1116,1516,2077,2302,2587,2766,2788,3167,2033,5,213,800,POINT (303435 6324105),0
2022-11-29 14:52:04.587,55,6326205.0,302685.0,32719,832,707,867,1103,1421,1638,1696,1864,1885,2159,3058,2112,5,226,1019,POINT (302685 6326205),1
2022-11-29 14:52:04.587,56,6326085.0,300465.0,32719,1482,1560,2134,2652,3064,3259,3364,3712,3343,2754,4148,2757,5,219,1107,POINT (300465 6326085),1
2022-11-29 14:52:04.587,57,6325695.0,301545.0,32719,2504,2001,2098,2191,2667,3194,3459,3400,3761,3479,3832,2729,5,221,871,POINT (301545 6325695),1
2022-11-29 14:52:04.587,58,6327105.0,298395.0,32719,4706,3837,3644,3589,3834,3995,4115,4163,4253,3977,4183,3183,9,223,765,POINT (298395 6327105),0
2022-11-29 14:52:04.587,59,6324825.0,301275.0,32719,2180,2116,2037,2087,2322,2581,2700,2892,2925,2427,3122,2213,7,223,790,POINT (301275 6324825),1
2022-11-29 14:52:04.587,60,6325575.0,298515.0,32719,8790,7872,7340,7097,7364,7330,7290,7252,7241,7033,6459,5253,9,211,765,POINT (298515 6325575),0
2022-11-29 14:52:04.587,61,6324165.0,304425.0,32719,829,739,914,1250,1542,1894,2070,2274,2358,2502,2639,1746,5,212,650,POINT (304425 6324165),0
2022-11-29 14:52:04.587,62,6327135.0,301995.0,32719,1187,1057,1386,1948,2500,2788,3119,3243,3398,3416,4352,2934,5,232,1178,POINT (301995 6327135),0
2022-11-29 14:52:04.587,63,6327345.0,300045.0,32719,1018,1032,1135,1360,1693,2236,2457,2610,2602,2674,3271,2106,5,231,1049,POINT (300045 6327345),0
2022-11-29 14:52:04.587,64,6326955.0,298035.0,32719,5840,5488,5084,4890,5199,5306,5364,5529,5422,4922,5142,3989,9,223,765,POINT (298035 6326955),0
2022-11-29 14:52:04.587,65,6322395.0,298485.0,32719,7909,7349,6718,6394,6604,6468,6444,6855,6371,7084,5571,4281,9,215,765,POINT (298485 6322395),0
2022-11-29 14:52:04.587,66,6326475.0,305055.0,32719,537,319,464,351,791,1785,2077,2245,2316,2326,1735,983,4,229,986,POINT (305055 6326475),0
2022-11-29 14:52:04.587,67,6323895.0,299535.0,32719,7210,6455,5959,5693,5979,5976,5961,6096,5986,6183,5315,4267,9,219,765,POINT (299535 6323895),1
2022-11-29 14:52:04.587,68,6324585.0,300075.0,32719,1684,1399,1461,1591,2006,2595,2903,3195,3310,2618,3555,2255,5,228,1104,POINT (300075 6324585),1
2022-11-29 14:52:04.587,69,6322785.0,299805.0,32719,8164,7390,6809,6523,6779,6649,6554,6590,6518,7208,5521,4338,9,215,765,POINT (299805 6322785),0
2022-11-29 14:52:04.587,70,6322155.0,299355.0,32719,9191,8774,8162,7884,8164,7974,7842,8058,7708,8253,6457,4976,9,207,765,POINT (299355 6322155),0
2022-11-29 14:52:04.587,71,6322755.0,300915.0,32719,5907,6581,5926,5532,5592,5548,5443,6111,5414,5117,4999,3998,9,215,790,POINT (300915 6322755),0
2022-11-29 14:52:04.587,72,6324735.0,305025.0,32719,579,701,903,1282,1564,2134,2369,2686,2827,2614,2832,1757,5,224,909,POINT (305025 6324735),0
2022-11-29 14:52:04.587,73,6324555.0,301245.0,32719,2623,1667,1666,1789,1985,2301,2493,2330,2712,2741,2754,1996,8,222,790,POINT (301245 6324555),1
2022-11-29 14:52:04.587,74,6323775.0,299865.0,32719,7613,6635,6113,5907,6170,6101,6103,6222,6089,6566,5331,4235,9,218,765,POINT (299865 6323775),1
2022-11-29 14:52:04.587,75,6327345.0,299115.0,32719,1967,1680,1771,1793,2030,2500,2709,2854,2926,2318,2698,1839,8,223,765,POINT (299115 6327345),0
2022-11-29 14:52:04.587,76,6326565.0,303045.0,32719,746,884,1085,1426,1678,1991,2224,2333,2428,2462,2784,1917,5,230,1171,POINT (303045 6326565),1
2022-11-29 14:52:04.587,77,6322875.0,300735.0,32719,8493,8460,7728,7392,7598,7438,7401,7670,7317,7149,6298,5036,9,217,790,POINT (300735 6322875),0
2022-11-29 14:52:04.587,78,6325425.0,299595.0,32719,2768,2742,2715,2794,3066,3395,3534,3642,3494,3266,4051,2887,8,213,765,POINT (299595 6325425),1
2022-11-29 14:52:04.587,79,6326235.0,297975.0,32719,9053,8282,7666,7372,7704,7576,7541,7570,7481,7366,6473,5078,9,221,765,POINT (297975 6326235),0
2022-11-29 14:52:04.587,80,6323895.0,298305.0,32719,7295,6715,6344,6146,6375,6327,6315,6329,6275,6416,5335,4182,9,220,765,POINT (298305 6323895),1
2022-11-29 14:52:04.587,81,6324345.0,298815.0,32719,3186,2300,2220,2232,2493,2800,2944,2976,3149,3099,2962,2156,8,215,765,POINT (298815 6324345),1
2022-11-29 14:52:04.587,82,6326295.0,298965.0,32719,6726,5731,5353,5190,5405,5456,5471,5634,5498,5438,5504,4436,9,219,765,POINT (298965 6326295),0
2022-11-29 14:52:04.587,83,6326835.0,303525.0,32719,710,716,892,1224,1474,1796,1956,2180,2301,2275,2933,1932,5,227,983,POINT (303525 6326835),1
2022-11-29 14:52:04.587,84,6322635.0,304485.0,32719,645,558,728,880,1199,1653,1862,1910,2039,2345,2293,1625,5,200,548,POINT (304485 6322635),1
2022-11-29 14:52:04.587,85,6327525.0,303645.0,32719,720,699,845,1099,1262,1596,1751,1890,1988,2184,2747,1957,5,233,1019,POINT (303645 6327525),1
2022-11-29 14:52:04.587,86,6327045.0,300615.0,32719,1055,871,947,1041,1416,1894,2101,2266,2369,2470,2940,1982,5,227,982,POINT (300615 6327045),1
2022-11-29 14:52:04.587,87,6322995.0,300345.0,32719,7515,6721,6053,5811,5972,5896,5885,6193,5888,6559,5208,4028,9,219,790,POINT (300345 6322995),0
2022-11-29 14:52:04.587,88,6322545.0,300825.0,32719,4504,3812,3510,3478,3682,3787,3836,3975,4013,4116,3709,2842,9,215,790,POINT (300825 6322545),0
2022-11-29 14:52:04.587,89,6326925.0,304815.0,32719,528,405,537,469,824,1453,1627,1764,1771,1653,1893,1273,4,221,769,POINT (304815 6326925),0
2022-11-29 14:52:04.587,90,6325215.0,304035.0,32719,934,1065,1305,1791,2119,2524,2728,3097,3111,2813,3991,2627,5,226,951,POINT (304035 6325215),0
2022-11-29 14:52:04.587,91,6325785.0,298815.0,32719,10179,9064,8534,8272,8603,8468,8398,8366,8358,8042,7331,6040,9,215,765,POINT (298815 6325785),0
2022-11-29 14:52:04.587,92,6323235.0,302205.0,32719,6035,5054,4775,4710,4942,4997,5062,5070,5108,5730,5253,4580,9,205,790,POINT (302205 6323235),0
2022-11-29 14:52:04.587,93,6322995.0,300345.0,32719,7515,6721,6053,5811,5972,5896,5885,6193,5888,6559,5208,4028,9,219,790,POINT (300345 6322995),0
2022-11-29 14:52:04.587,94,6322335.0,304095.0,32719,2577,2383,2290,2301,2561,2783,2833,2951,2978,3599,2961,2436,8,198,790,POINT (304095 6322335),0
2022-11-29 14:52:04.587,95,6324435.0,299175.0,32719,2629,1789,1719,1701,1895,2232,2439,2574,2605,2782,2605,1743,8,214,765,POINT (299175 6324435),1
2022-11-29 14:52:04.587,96,6323535.0,299955.0,32719,7669,6653,6229,6007,6266,6171,6187,6280,6143,6637,5392,4240,9,217,765,POINT (299955 6323535),0
2022-11-29 14:52:04.587,97,6327285.0,303555.0,32719,595,584,760,1021,1316,1626,1743,1908,2030,2050,2512,1585,5,227,937,POINT (303555 6327285),1
2022-11-29 14:52:04.587,98,6326415.0,302145.0,32719,1029,698,789,851,1069,1574,1782,1871,2033,2312,2355,1598,5,226,808,POINT (302145 6326415),1
2022-11-29 14:52:04.587,99,6325695.0,304305.0,32719,627,577,789,1024,1399,1911,2241,2292,2475,2417,2313,1524,5,228,1035,POINT (304305 6325695),0
2022-12-04 14:52:02.051,0,6327645.0,299625.0,32719,447,482,721,792,1122,1962,2250,2414,2542,2577,2564,1650,4,84,1191,POINT (299625 6327645),0
2022-12-04 14:52:02.051,1,6323535.0,299985.0,32719,413,611,863,1205,1519,1866,2124,2309,2412,2446,2956,1964,5,84,1227,POINT (299985 6323535),0
2022-12-04 14:52:02.051,2,6324855.0,298305.0,32719,325,379,511,504,803,1639,1962,1997,2129,2441,1920,1241,4,84,1060,POINT (298305 6324855),0
2022-12-04 14:52:02.051,3,6326835.0,300195.0,32719,514,602,868,1176,1524,2117,2332,2490,2453,2495,2933,2099,5,144,1026,POINT (300195 6326835),0
2022-12-04 14:52:02.051,4,6322815.0,299055.0,32719,464,653,876,1298,1573,1849,2082,2304,2448,2620,3262,2035,5,84,1079,POINT (299055 6322815),0
2022-12-04 14:52:02.051,5,6323715.0,303975.0,32719,443,585,807,1151,1399,1762,1979,2158,2250,2409,3049,2143,5,138,996,POINT (303975 6323715),1
2022-12-04 14:52:02.051,6,6327225.0,302835.0,32719,463,667,904,1293,1635,2094,2364,2551,2690,2587,3369,2303,5,149,1206,POINT (302835 6327225),0
2022-12-04 14:52:02.051,7,6324705.0,299505.0,32719,404,507,649,781,1054,1453,1638,1764,1838,1981,2496,1774,5,83,1061,POINT (299505 6324705),1
2022-12-04 14:52:02.051,8,6323625.0,298545.0,32719,484,589,853,1260,1566,1929,2190,2424,2536,2779,3100,1969,5,84,1082,POINT (298545 6323625),1
2022-12-04 14:52:02.051,9,6325485.0,304605.0,32719,437,810,1120,1571,1891,2600,2959,3342,3381,3141,3236,2055,5,147,1292,POINT (304605 6325485),0
2022-12-04 14:52:02.051,10,6327345.0,300345.0,32719,496,546,725,905,1183,1782,2042,2110,2175,2141,2521,1771,5,143,1105,POINT (300345 6327345),0
2022-12-04 14:52:02.051,11,6322665.0,301815.0,32719,393,518,688,1090,1344,1604,1788,1977,2077,2125,2769,1987,5,137,931,POINT (301815 6322665),0
2022-12-04 14:52:02.051,12,6327525.0,303465.0,32719,379,553,751,1077,1366,1698,1858,2024,2174,2110,2919,2105,5,147,1260,POINT (303465 6327525),0
2022-12-04 14:52:02.051,13,6325035.0,298935.0,32719,568,684,911,1181,1555,2048,2286,2343,2483,2529,3200,2324,5,81,1002,POINT (298935 6325035),0
2022-12-04 14:52:02.051,14,6322215.0,299625.0,32719,418,607,858,1291,1606,1900,2058,2214,2270,2271,2946,2166,5,82,1124,POINT (299625 6322215),0
2022-12-04 14:52:02.051,15,6323535.0,304725.0,32719,363,590,813,1223,1504,1820,2026,2157,2265,2236,2871,2030,5,137,1012,POINT (304725 6323535),0
2022-12-04 14:52:02.051,16,6326265.0,299445.0,32719,416,505,729,1038,1368,1843,2025,2152,2295,2415,3104,2154,5,82,954,POINT (299445 6326265),0
2022-12-04 14:52:02.051,17,6327195.0,304305.0,32719,442,599,836,1204,1509,1849,2092,2320,2419,2396,2772,1888,5,146,1235,POINT (304305 6327195),1
2022-12-04 14:52:02.051,18,6324885.0,302745.0,32719,370,585,812,1195,1430,1694,1893,2111,2186,2019,2783,1988,5,144,1109,POINT (302745 6324885),1
2022-12-04 14:52:02.051,19,6322395.0,301635.0,32719,463,592,744,926,1133,1620,1807,1942,1981,1989,2274,1756,5,138,893,POINT (301635 6322395),0
2022-12-04 14:52:02.051,20,6323475.0,299325.0,32719,445,658,919,1294,1616,1994,2220,2426,2627,2412,3309,2286,5,85,1113,POINT (299325 6323475),1
2022-12-04 14:52:02.051,21,6324675.0,300585.0,32719,479,577,802,1123,1460,1892,2164,2352,2569,2564,3392,2221,5,150,1134,POINT (300585 6324675),1
2022-12-04 14:52:02.051,22,6326715.0,300465.0,32719,686,1060,1405,1870,2131,2379,2574,2575,2532,2231,3923,2748,5,143,1171,POINT (300465 6326715),1
2022-12-04 14:52:02.051,23,6327285.0,300855.0,32719,504,666,1000,1634,2039,2167,2333,2378,2381,2350,3418,2591,5,143,1290,POINT (300855 6327285),1
2022-12-04 14:52:02.051,24,6325935.0,299205.0,32719,489,543,809,1207,1596,2142,2360,2490,2602,2727,3109,2313,5,82,1016,POINT (299205 6325935),0
2022-12-04 14:52:02.051,25,6322215.0,298575.0,32719,619,818,1127,1593,2020,2448,2680,2977,3112,3065,3451,2408,5,85,1296,POINT (298575 6322215),0
2022-12-04 14:52:02.051,26,6326565.0,304905.0,32719,372,433,542,666,927,1346,1597,1700,1801,2036,2200,1580,5,144,925,POINT (304905 6326565),0
2022-12-04 14:52:02.051,27,6326655.0,298785.0,32719,404,548,711,1048,1263,1468,1725,1985,2165,2107,3497,2123,5,84,967,POINT (298785 6326655),0
2022-12-04 14:52:02.051,28,6326325.0,300045.0,32719,371,518,736,1112,1461,1897,2128,2237,2308,2095,2990,2359,5,144,1095,POINT (300045 6326325),0
2022-12-04 14:52:02.051,29,6326415.0,304815.0,32719,330,430,621,668,1080,1847,2058,2221,2282,2488,2268,1469,4,146,1120,POINT (304815 6326415),0
2022-12-04 14:52:02.051,30,6326985.0,303165.0,32719,408,555,717,794,1114,1697,1840,1982,2101,2254,2494,1716,5,147,1109,POINT (303165 6326985),0
2022-12-04 14:52:02.051,31,6324645.0,302895.0,32719,358,492,687,901,1184,1777,1961,2196,2305,2207,2451,1639,5,142,1097,POINT (302895 6324645),1
2022-12-04 14:52:02.051,32,6322215.0,300975.0,32719,473,794,1038,1377,1656,2112,2341,2511,2511,2498,2659,1939,5,145,1154,POINT (300975 6322215),0
2022-12-04 14:52:02.051,33,6322935.0,301665.0,32719,478,648,906,1272,1619,1968,2178,2306,2416,2355,2955,2310,5,139,1152,POINT (301665 6322935),0
2022-12-04 14:52:02.051,34,6326145.0,304275.0,32719,256,238,415,327,704,1836,2141,2277,2353,2420,1531,902,4,147,1179,POINT (304275 6326145),0
2022-12-04 14:52:02.051,35,6325365.0,298125.0,32719,549,787,1159,1772,2094,2291,2503,2634,2672,2740,4033,3020,5,82,1176,POINT (298125 6325365),0
2022-12-04 14:52:02.051,36,6324675.0,303135.0,32719,365,482,657,958,1175,1450,1642,1831,1910,2120,2616,1789,5,141,957,POINT (303135 6324675),1
2022-12-04 14:52:02.051,37,6324015.0,303345.0,32719,500,664,894,1323,1617,1934,2159,2267,2414,2679,3380,2399,5,141,1031,POINT (303345 6324015),0
2022-12-04 14:52:02.051,38,6327435.0,299355.0,32719,632,578,788,969,1235,1818,2119,2307,2419,2771,2808,1766,5,84,1027,POINT (299355 6327435),0
2022-12-04 14:52:02.051,39,6327435.0,304065.0,32719,431,598,816,1383,1685,1939,2267,2644,2908,2686,3763,2277,5,148,1211,POINT (304065 6327435),0
2022-12-04 14:52:02.051,40,6326715.0,300615.0,32719,456,472,656,742,1081,1563,1739,1851,1872,1906,2486,1803,5,144,1011,POINT (300615 6326715),1
2022-12-04 14:52:02.051,41,6322215.0,301935.0,32719,363,459,597,707,1010,1548,1727,1916,2027,2001,2311,1698,5,139,992,POINT (301935 6322215),0
2022-12-04 14:52:02.051,42,6323775.0,300735.0,32719,482,679,934,1409,1741,2171,2413,2644,2715,2738,2706,1879,5,148,1187,POINT (300735 6323775),0
2022-12-04 14:52:02.051,43,6326985.0,300345.0,32719,546,621,874,1299,1626,1924,2019,2061,2119,2366,3465,2583,5,142,1019,POINT (300345 6326985),0
2022-12-04 14:52:02.051,44,6322335.0,303165.0,32719,519,701,869,1038,1377,1941,2176,2276,2335,2395,2531,1848,5,128,925,POINT (303165 6322335),0
2022-12-04 14:52:02.051,45,6324825.0,303165.0,32719,414,556,760,1117,1393,1641,1841,2055,2123,2286,2787,1923,5,143,998,POINT (303165 6324825),1
2022-12-04 14:52:02.051,46,6323205.0,299625.0,32719,475,639,900,1247,1601,2051,2266,2421,2567,2527,2787,1861,5,84,1145,POINT (299625 6323205),1
2022-12-04 14:52:02.051,47,6326085.0,303945.0,32719,550,755,1006,1422,1954,2295,2386,2592,2765,3115,3129,2093,5,148,1319,POINT (303945 6326085),0
2022-12-04 14:52:02.051,48,6324495.0,298425.0,32719,440,775,1097,1449,1810,2398,2735,2889,2929,2651,3021,2006,5,85,1418,POINT (298425 6324495),0
2022-12-04 14:52:02.051,49,6326505.0,299655.0,32719,464,589,859,1061,1486,2282,2582,2761,2878,2886,3030,2188,5,82,1069,POINT (299655 6326505),0
2022-12-04 14:52:02.051,50,6327435.0,304995.0,32719,362,449,608,825,1157,1460,1658,1829,2067,2149,2516,1734,5,143,1083,POINT (304995 6327435),0
2022-12-04 14:52:02.051,51,6326745.0,303105.0,32719,403,544,729,917,1271,1780,2035,2217,2290,2294,2576,1748,5,148,1104,POINT (303105 6326745),0
2022-12-04 14:52:02.051,52,6323055.0,304725.0,32719,426,570,767,1086,1320,1627,1803,1954,2041,2092,2762,1995,5,133,848,POINT (304725 6323055),1
2022-12-04 14:52:02.051,53,6326625.0,299415.0,32719,399,605,868,1262,1577,2131,2402,2621,2696,2683,3040,2201,5,83,1095,POINT (299415 6326625),0
2022-12-04 14:52:02.051,54,6324105.0,303435.0,32719,425,547,742,1061,1433,1957,2239,2473,2577,2625,3390,2236,5,141,1082,POINT (303435 6324105),0
2022-12-04 14:52:02.051,55,6326205.0,302685.0,32719,477,567,774,1073,1382,1666,1704,1834,1873,2071,3132,2293,5,146,1218,POINT (302685 6326205),1
2022-12-04 14:52:02.051,56,6326085.0,300465.0,32719,605,1113,1820,2723,2759,3131,3384,3517,3462,2268,4337,3126,5,145,1282,POINT (300465 6326085),1
2022-12-04 14:52:02.051,57,6325695.0,301545.0,32719,295,375,528,523,805,1463,1653,1779,1825,1820,2014,1380,4,146,1094,POINT (301545 6325695),1
2022-12-04 14:52:02.051,58,6327105.0,298395.0,32719,450,570,756,1109,1446,1687,1885,2121,2277,2326,3679,2478,5,84,1075,POINT (298395 6327105),0
2022-12-04 14:52:02.051,59,6324825.0,301275.0,32719,342,577,762,991,1204,1770,1968,2256,2212,2141,2352,1557,5,147,1236,POINT (301275 6324825),1
2022-12-04 14:52:02.051,60,6325575.0,298515.0,32719,561,574,777,1002,1454,2147,2392,2537,2655,2638,2790,1951,5,81,1009,POINT (298515 6325575),0
2022-12-04 14:52:02.051,61,6324165.0,304425.0,32719,453,589,796,1171,1410,1758,1965,2149,2223,2367,2669,1860,5,139,973,POINT (304425 6324165),0
2022-12-04 14:52:02.051,62,6327135.0,301995.0,32719,721,846,1184,1737,2300,2375,2734,2942,3089,3103,4148,2900,5,148,1276,POINT (301995 6327135),0
2022-12-04 14:52:02.051,63,6327345.0,300045.0,32719,375,584,824,1139,1435,1899,2062,2159,2192,2211,3095,2211,5,144,1121,POINT (300045 6327345),0
2022-12-04 14:52:02.051,64,6326955.0,298035.0,32719,460,499,694,854,1307,1776,2037,2187,2311,2262,3023,2043,5,84,1095,POINT (298035 6326955),0
2022-12-04 14:52:02.051,65,6322395.0,298485.0,32719,424,705,967,1088,1304,1935,2245,2262,2457,2472,2140,1404,5,85,1248,POINT (298485 6322395),0
2022-12-04 14:52:02.051,66,6326475.0,305055.0,32719,284,239,384,305,695,1737,2025,2173,2238,2213,1743,1048,4,145,1152,POINT (305055 6326475),0
2022-12-04 14:52:02.051,67,6323895.0,299535.0,32719,326,368,583,561,1014,2227,2630,2890,2945,2685,1867,1085,4,84,1262,POINT (299535 6323895),1
2022-12-04 14:52:02.051,68,6324585.0,300075.0,32719,502,522,700,963,1289,1767,2031,2267,2391,2413,3266,2032,5,151,1125,POINT (300075 6324585),1
2022-12-04 14:52:02.051,69,6322785.0,299805.0,32719,419,522,709,939,1225,1639,1823,1917,2072,2235,2535,1665,5,83,1107,POINT (299805 6322785),0
2022-12-04 14:52:02.051,70,6322155.0,299355.0,32719,414,470,622,704,1008,1538,1776,1877,2018,1985,2379,1672,5,82,1062,POINT (299355 6322155),0
2022-12-04 14:52:02.051,71,6322755.0,300915.0,32719,374,593,778,1174,1432,1787,2035,2292,2399,2234,2963,1949,5,146,1103,POINT (300915 6322755),0
2022-12-04 14:52:02.051,72,6324735.0,305025.0,32719,332,573,831,1210,1486,1956,2307,2564,2632,2523,2958,1831,5,145,1156,POINT (305025 6324735),0
2022-12-04 14:52:02.051,73,6324555.0,301245.0,32719,387,532,680,820,1083,1637,1892,2040,2132,2146,2483,1693,5,147,1071,POINT (301245 6324555),1
2022-12-04 14:52:02.051,74,6323775.0,299865.0,32719,448,569,760,1023,1350,1801,2032,2182,2336,2555,2862,1913,5,84,1123,POINT (299865 6323775),1
2022-12-04 14:52:02.051,75,6327345.0,299115.0,32719,499,635,893,1096,1490,2064,2243,2533,2532,2492,2768,1948,5,84,1224,POINT (299115 6327345),0
2022-12-04 14:52:02.051,76,6326565.0,303045.0,32719,434,709,942,1290,1532,1918,2100,2258,2382,2380,2740,1899,5,149,1298,POINT (303045 6326565),1
2022-12-04 14:52:02.051,77,6322875.0,300735.0,32719,413,529,669,881,1141,1442,1656,1785,1874,1918,2571,1869,5,147,1050,POINT (300735 6322875),0
2022-12-04 14:52:02.051,78,6325425.0,299595.0,32719,753,852,1154,1651,1996,2332,2514,2405,2468,2601,3760,2831,5,81,1021,POINT (299595 6325425),1
2022-12-04 14:52:02.051,79,6326235.0,297975.0,32719,473,630,863,1264,1535,1912,2212,2446,2576,2497,3065,2101,5,83,1105,POINT (297975 6326235),0
2022-12-04 14:52:02.051,80,6323895.0,298305.0,32719,416,544,766,1123,1393,1707,1944,2098,2264,2374,2756,1818,5,85,1076,POINT (298305 6323895),1
2022-12-04 14:52:02.051,81,6324345.0,298815.0,32719,481,646,872,1164,1502,1941,2200,2338,2447,2306,3047,2093,5,83,1238,POINT (298815 6324345),1
2022-12-04 14:52:02.051,82,6326295.0,298965.0,32719,407,441,580,722,939,1241,1470,1568,1669,2066,2234,1550,5,83,904,POINT (298965 6326295),0
2022-12-04 14:52:02.051,83,6326835.0,303525.0,32719,377,584,767,1127,1376,1687,1919,2073,2148,2192,2794,1980,5,146,1160,POINT (303525 6326835),1
2022-12-04 14:52:02.051,84,6322635.0,304485.0,32719,420,534,702,885,1145,1566,1759,1824,1933,2206,2215,1627,5,133,883,POINT (304485 6322635),1
2022-12-04 14:52:02.051,85,6327525.0,303645.0,32719,391,544,724,1006,1205,1496,1676,1838,1899,2078,2795,2051,5,148,1119,POINT (303645 6327525),1
2022-12-04 14:52:02.051,86,6327045.0,300615.0,32719,393,465,629,766,1038,1463,1690,1767,1883,2067,2612,1849,5,143,1052,POINT (300615 6327045),1
2022-12-04 14:52:02.051,87,6322995.0,300345.0,32719,491,604,872,1415,1768,1992,2193,2399,2554,2583,3636,2523,5,148,1198,POINT (300345 6322995),0
2022-12-04 14:52:02.051,88,6322545.0,300825.0,32719,403,549,771,1170,1441,1706,1862,2084,2186,2260,2739,1838,5,146,956,POINT (300825 6322545),0
2022-12-04 14:52:02.051,89,6326925.0,304815.0,32719,295,323,448,463,755,1373,1543,1667,1675,1612,1907,1353,4,140,1003,POINT (304815 6326925),0
2022-12-04 14:52:02.051,90,6325215.0,304035.0,32719,495,836,1113,1640,1927,2266,2562,2862,2884,2646,3974,2716,5,146,1196,POINT (304035 6325215),0
2022-12-04 14:52:02.051,91,6325785.0,298815.0,32719,549,915,1369,2018,2360,2615,2805,2940,2901,2771,4159,3029,5,81,1058,POINT (298815 6325785),0
2022-12-04 14:52:02.051,92,6323235.0,302205.0,32719,424,587,761,961,1285,1851,2037,2166,2292,2278,2759,1974,5,137,1031,POINT (302205 6323235),0
2022-12-04 14:52:02.051,93,6322995.0,300345.0,32719,491,604,872,1415,1768,1992,2193,2399,2554,2583,3636,2523,5,148,1198,POINT (300345 6322995),0
2022-12-04 14:52:02.051,94,6322335.0,304095.0,32719,502,815,1050,1282,1568,2177,2409,2615,2683,2453,2857,2254,5,130,987,POINT (304095 6322335),0
2022-12-04 14:52:02.051,95,6324435.0,299175.0,32719,378,466,648,796,1084,1585,1812,1924,2013,2185,2509,1664,5,83,990,POINT (299175 6324435),1
2022-12-04 14:52:02.051,96,6323535.0,299955.0,32719,413,504,704,857,1226,1737,2007,2209,2278,2446,2606,1649,5,84,1176,POINT (299955 6323535),0
2022-12-04 14:52:02.051,97,6327285.0,303555.0,32719,332,491,683,1003,1258,1571,1723,1909,2004,1980,2585,1727,5,146,1069,POINT (303555 6327285),1
2022-12-04 14:52:02.051,98,6326415.0,302145.0,32719,383,425,532,647,867,1300,1486,1585,1685,1908,2055,1438,5,146,941,POINT (302145 6326415),1
2022-12-04 14:52:02.051,99,6325695.0,304305.0,32719,338,488,659,965,1287,1862,2044,2192,2347,2291,2326,1606,5,147,1158,POINT (304305 6325695),0
2022-12-09 14:52:05.070,0,6327645.0,299625.0,32719,446,425,689,736,1175,2033,2331,2447,2583,2645,2666,1691,4,90,1560,POINT (299625 6327645),0
2022-12-09 14:52:05.070,1,6323535.0,299985.0,32719,415,547,811,1170,1462,1852,2092,2230,2460,2459,2816,1818,5,90,1480,POINT (299985 6323535),0
2022-12-09 14:52:05.070,2,6324855.0,298305.0,32719,333,351,519,488,809,1666,2024,2037,2278,2482,1990,1225,4,89,1468,POINT (298305 6324855),0
2022-12-09 14:52:05.070,3,6326835.0,300195.0,32719,554,589,883,1192,1568,2145,2341,2461,2501,2495,3029,2139,5,122,1313,POINT (300195 6326835),0
2022-12-09 14:52:05.070,4,6322815.0,299055.0,32719,479,606,876,1324,1575,1895,2154,2301,2482,2666,3266,1979,5,90,1362,POINT (299055 6322815),0
2022-12-09 14:52:05.070,5,6323715.0,303975.0,32719,455,512,768,1096,1373,1739,1910,2079,2231,2413,2856,1937,5,118,968,POINT (303975 6323715),1
2022-12-09 14:52:05.070,6,6327225.0,302835.0,32719,542,599,917,1298,1718,2080,2382,2525,2772,2636,3372,2256,5,127,1352,POINT (302835 6327225),0
2022-12-09 14:52:05.070,7,6324705.0,299505.0,32719,408,466,618,756,1063,1436,1605,1695,1835,1981,2414,1636,5,88,1407,POINT (299505 6324705),1
2022-12-09 14:52:05.070,8,6323625.0,298545.0,32719,504,573,868,1306,1619,2031,2236,2455,2621,2856,3150,1996,5,90,1460,POINT (298545 6323625),1
2022-12-09 14:52:05.070,9,6325485.0,304605.0,32719,468,765,1103,1505,1918,2684,3041,3387,3448,3227,3163,1957,5,125,1499,POINT (304605 6325485),0
2022-12-09 14:52:05.070,10,6327345.0,300345.0,32719,540,496,739,926,1270,1859,2058,2128,2239,2156,2659,1778,5,121,1443,POINT (300345 6327345),0
2022-12-09 14:52:05.070,11,6322665.0,301815.0,32719,430,476,718,1115,1400,1622,1838,1960,2119,2158,2835,1967,5,117,984,POINT (301815 6322665),0
2022-12-09 14:52:05.070,12,6327525.0,303465.0,32719,417,515,759,1073,1389,1723,1888,1986,2160,2127,2913,2051,5,126,1409,POINT (303465 6327525),0
2022-12-09 14:52:05.070,13,6325035.0,298935.0,32719,588,632,896,1170,1598,2066,2331,2319,2594,2553,3318,2280,5,86,1303,POINT (298935 6325035),0
2022-12-09 14:52:05.070,14,6322215.0,299625.0,32719,427,559,845,1304,1612,1889,2087,2185,2307,2320,2985,2104,5,87,1370,POINT (299625 6322215),0
2022-12-09 14:52:05.070,15,6323535.0,304725.0,32719,402,571,839,1248,1532,1843,2012,2171,2289,2251,2891,1966,5,117,1064,POINT (304725 6323535),0
2022-12-09 14:52:05.070,16,6326265.0,299445.0,32719,433,460,707,1047,1416,1841,2041,2141,2353,2464,3185,2063,5,87,1210,POINT (299445 6326265),0
2022-12-09 14:52:05.070,17,6327195.0,304305.0,32719,477,604,870,1222,1533,1890,2076,2303,2438,2428,2784,1813,5,124,1344,POINT (304305 6327195),1
2022-12-09 14:52:05.070,18,6324885.0,302745.0,32719,406,563,831,1156,1448,1760,1951,2108,2238,2039,2745,1941,5,123,1214,POINT (302745 6324885),1
2022-12-09 14:52:05.070,19,6322395.0,301635.0,32719,501,538,755,937,1197,1617,1774,1928,2036,1985,2176,1589,2,118,952,POINT (301635 6322395),0
2022-12-09 14:52:05.070,20,6323475.0,299325.0,32719,454,622,900,1304,1610,1990,2271,2363,2594,2458,3252,2196,5,90,1411,POINT (299325 6323475),1
2022-12-09 14:52:05.070,21,6324675.0,300585.0,32719,522,562,808,1159,1519,1994,2162,2333,2568,2593,3270,2054,5,128,1374,POINT (300585 6324675),1
2022-12-09 14:52:05.070,22,6326715.0,300465.0,32719,733,1072,1469,1947,2205,2513,2553,2593,2643,2234,4081,2817,5,122,1393,POINT (300465 6326715),1
2022-12-09 14:52:05.070,23,6327285.0,300855.0,32719,537,634,941,1557,1955,2296,2368,2310,2365,2349,3362,2382,5,121,1529,POINT (300855 6327285),1
2022-12-09 14:52:05.070,24,6325935.0,299205.0,32719,490,499,788,1177,1609,2155,2386,2493,2622,2750,3203,2208,5,87,1278,POINT (299205 6325935),0
2022-12-09 14:52:05.070,25,6322215.0,298575.0,32719,640,768,1100,1555,2038,2511,2733,2870,3135,3106,3484,2309,5,91,1683,POINT (298575 6322215),0
2022-12-09 14:52:05.070,26,6326565.0,304905.0,32719,409,373,539,690,954,1382,1596,1674,1762,2077,2226,1558,5,123,1108,POINT (304905 6326565),0
2022-12-09 14:52:05.070,27,6326655.0,298785.0,32719,421,546,724,1081,1310,1592,1783,2037,2230,2199,3478,2103,5,89,1303,POINT (298785 6326655),0
2022-12-09 14:52:05.070,28,6326325.0,300045.0,32719,390,493,753,1138,1493,1944,2104,2207,2315,2156,3037,2278,5,123,1419,POINT (300045 6326325),0
2022-12-09 14:52:05.070,29,6326415.0,304815.0,32719,375,374,618,657,1144,1872,2075,2223,2347,2532,2256,1446,4,124,1305,POINT (304815 6326415),0
2022-12-09 14:52:05.070,30,6326985.0,303165.0,32719,458,512,697,800,1202,1722,1968,2056,2147,2291,2527,1672,5,126,1214,POINT (303165 6326985),0
2022-12-09 14:52:05.070,31,6324645.0,302895.0,32719,404,457,697,928,1292,1768,2016,2136,2286,2202,2478,1599,5,121,1207,POINT (302895 6324645),1
2022-12-09 14:52:05.070,32,6322215.0,300975.0,32719,525,760,1051,1371,1748,2142,2307,2511,2603,2534,2644,1827,5,123,1319,POINT (300975 6322215),0
2022-12-09 14:52:05.070,33,6322935.0,301665.0,32719,512,652,928,1356,1631,1996,2240,2328,2425,2378,3084,2347,5,119,1209,POINT (301665 6322935),0
2022-12-09 14:52:05.070,34,6326145.0,304275.0,32719,278,204,395,345,706,1806,2084,2237,2370,2465,1532,848,4,126,1363,POINT (304275 6326145),0
2022-12-09 14:52:05.070,35,6325365.0,298125.0,32719,560,703,1099,1677,2061,2389,2445,2571,2725,2777,3916,2767,5,87,1464,POINT (298125 6325365),0
2022-12-09 14:52:05.070,36,6324675.0,303135.0,32719,395,470,652,957,1177,1467,1641,1817,1959,2123,2672,1763,5,121,1003,POINT (303135 6324675),1
2022-12-09 14:52:05.070,37,6324015.0,303345.0,32719,560,640,933,1345,1628,2010,2211,2313,2487,2736,3497,2374,5,120,1070,POINT (303345 6324015),0
2022-12-09 14:52:05.070,38,6327435.0,299355.0,32719,669,513,755,967,1254,1795,2076,2294,2443,2813,2898,1840,5,90,1332,POINT (299355 6327435),0
2022-12-09 14:52:05.070,39,6327435.0,304065.0,32719,453,606,869,1440,1769,2061,2374,2695,2977,2772,3734,2224,5,126,1366,POINT (304065 6327435),0
2022-12-09 14:52:05.070,40,6326715.0,300615.0,32719,488,448,668,772,1108,1582,1739,1826,1918,1916,2585,1789,5,123,1232,POINT (300615 6326715),1
2022-12-09 14:52:05.070,41,6322215.0,301935.0,32719,399,411,581,715,1057,1562,1787,1869,2009,1983,2299,1615,5,116,1047,POINT (301935 6322215),0
2022-12-09 14:52:05.070,42,6323775.0,300735.0,32719,534,667,971,1435,1785,2166,2387,2591,2697,2711,2700,1820,5,126,1351,POINT (300735 6323775),0
2022-12-09 14:52:05.070,43,6326985.0,300345.0,32719,570,569,868,1285,1637,1919,2055,2025,2112,2360,3454,2425,5,119,1343,POINT (300345 6326985),0
2022-12-09 14:52:05.070,44,6322335.0,303165.0,32719,555,616,854,1018,1384,1898,2089,2176,2357,2418,2466,1822,5,108,949,POINT (303165 6322335),0
2022-12-09 14:52:05.070,45,6324825.0,303165.0,32719,453,512,766,1123,1379,1647,1841,2016,2160,2320,2773,1838,5,122,1098,POINT (303165 6324825),1
2022-12-09 14:52:05.070,46,6323205.0,299625.0,32719,491,681,1003,1403,1786,2183,2491,2605,2786,2601,3276,2113,5,89,1570,POINT (299625 6323205),1
2022-12-09 14:52:05.070,47,6326085.0,303945.0,32719,654,661,1005,1473,1987,2392,2634,2675,2952,3151,3322,2132,5,126,1445,POINT (303945 6326085),0
2022-12-09 14:52:05.070,48,6324495.0,298425.0,32719,470,780,1118,1517,1842,2500,2779,2960,3131,2692,3161,2088,5,90,1803,POINT (298425 6324495),0
2022-12-09 14:52:05.070,49,6326505.0,299655.0,32719,482,515,819,1077,1590,2309,2602,2700,2859,2931,3194,2138,5,87,1354,POINT (299655 6326505),0
2022-12-09 14:52:05.070,50,6327435.0,304995.0,32719,399,433,633,841,1159,1535,1702,1796,1995,2161,2552,1678,5,122,1176,POINT (304995 6327435),0
2022-12-09 14:52:05.070,51,6326745.0,303105.0,32719,464,517,763,959,1277,1849,2051,2213,2374,2337,2615,1683,5,127,1253,POINT (303105 6326745),0
2022-12-09 14:52:05.070,52,6323055.0,304725.0,32719,459,537,763,1116,1356,1628,1785,1931,2021,2101,2711,1894,5,114,838,POINT (304725 6323055),1
2022-12-09 14:52:05.070,53,6326625.0,299415.0,32719,404,551,836,1220,1600,2226,2492,2624,2709,2723,2981,1996,5,88,1449,POINT (299415 6326625),0
2022-12-09 14:52:05.070,54,6324105.0,303435.0,32719,466,505,756,1053,1475,2016,2250,2427,2685,2693,3025,2014,5,120,1200,POINT (303435 6324105),0
2022-12-09 14:52:05.070,55,6326205.0,302685.0,32719,514,521,745,1023,1331,1577,1690,1773,1847,2098,3050,2125,5,124,1345,POINT (302685 6326205),1
2022-12-09 14:52:05.070,56,6326085.0,300465.0,32719,617,1160,1973,2921,3008,3317,3474,3621,3400,2267,4462,3150,5,124,1566,POINT (300465 6326085),1
2022-12-09 14:52:05.070,57,6325695.0,301545.0,32719,327,349,522,523,863,1479,1681,1778,1862,1867,1992,1299,4,125,1197,POINT (301545 6325695),1
2022-12-09 14:52:05.070,58,6327105.0,298395.0,32719,468,537,770,1118,1471,1759,1992,2159,2365,2406,3713,2342,5,90,1459,POINT (298395 6327105),0
2022-12-09 14:52:05.070,59,6324825.0,301275.0,32719,391,498,760,975,1300,1770,1929,2138,2282,2206,2410,1563,5,126,1398,POINT (301275 6324825),1
2022-12-09 14:52:05.070,60,6325575.0,298515.0,32719,564,503,757,970,1464,2121,2446,2541,2703,2677,2883,1883,5,86,1294,POINT (298515 6325575),0
2022-12-09 14:52:05.070,61,6324165.0,304425.0,32719,491,537,810,1197,1507,1813,1998,2126,2319,2383,2653,1783,5,119,1128,POINT (304425 6324165),0
2022-12-09 14:52:05.070,62,6327135.0,301995.0,32719,779,810,1166,1753,2216,2696,2871,2961,3138,3155,4219,2892,5,126,1424,POINT (301995 6327135),0
2022-12-09 14:52:05.070,63,6327345.0,300045.0,32719,410,567,815,1098,1485,1887,2066,2102,2230,2245,3180,2163,5,122,1462,POINT (300045 6327345),0
2022-12-09 14:52:05.070,64,6326955.0,298035.0,32719,469,481,690,886,1341,1792,2071,2181,2420,2319,3117,1989,5,90,1487,POINT (298035 6326955),0
2022-12-09 14:52:05.070,65,6322395.0,298485.0,32719,436,672,973,1132,1466,2088,2294,2409,2541,2540,2196,1425,5,91,1664,POINT (298485 6322395),0
2022-12-09 14:52:05.070,66,6326475.0,305055.0,32719,317,206,389,343,808,1745,2067,2129,2262,2265,1780,1083,4,124,1382,POINT (305055 6326475),0
2022-12-09 14:52:05.070,67,6323895.0,299535.0,32719,321,333,571,557,996,2262,2623,2863,2908,2781,1876,1028,4,90,1646,POINT (299535 6323895),1
2022-12-09 14:52:05.070,68,6324585.0,300075.0,32719,524,479,711,953,1287,1801,2042,2250,2452,2469,3169,1832,5,128,1406,POINT (300075 6324585),1
2022-12-09 14:52:05.070,69,6322785.0,299805.0,32719,431,483,700,963,1232,1664,1882,1928,2129,2294,2596,1662,5,89,1381,POINT (299805 6322785),0
2022-12-09 14:52:05.070,70,6322155.0,299355.0,32719,419,423,623,733,1082,1633,1794,1885,2035,2001,2402,1580,5,88,1277,POINT (299355 6322155),0
2022-12-09 14:52:05.070,71,6322755.0,300915.0,32719,434,537,799,1149,1429,1807,2027,2228,2399,2258,2916,1895,5,124,1253,POINT (300915 6322755),0
2022-12-09 14:52:05.070,72,6324735.0,305025.0,32719,361,531,818,1207,1503,2025,2302,2513,2707,2545,2854,1746,5,123,1298,POINT (305025 6324735),0
2022-12-09 14:52:05.070,73,6324555.0,301245.0,32719,454,463,696,803,1112,1698,1919,2062,2158,2180,2457,1601,5,125,1236,POINT (301245 6324555),1
2022-12-09 14:52:05.070,74,6323775.0,299865.0,32719,454,495,747,1033,1402,1784,2058,2143,2391,2615,3019,1912,5,90,1332,POINT (299865 6323775),1
2022-12-09 14:52:05.070,75,6327345.0,299115.0,32719,510,617,892,1114,1524,2110,2370,2524,2612,2558,2812,1758,5,90,1556,POINT (299115 6327345),0
2022-12-09 14:52:05.070,76,6326565.0,303045.0,32719,462,707,977,1370,1613,1976,2219,2255,2369,2381,2867,1999,5,127,1429,POINT (303045 6326565),1
2022-12-09 14:52:05.070,77,6322875.0,300735.0,32719,459,481,682,891,1144,1493,1649,1773,1914,1966,2582,1821,5,125,1200,POINT (300735 6322875),0
2022-12-09 14:52:05.070,78,6325425.0,299595.0,32719,781,804,1130,1582,2089,2364,2410,2336,2467,2587,3754,2740,5,86,1325,POINT (299595 6325425),1
2022-12-09 14:52:05.070,79,6326235.0,297975.0,32719,490,613,890,1342,1572,1991,2282,2515,2621,2567,3293,2179,5,89,1440,POINT (297975 6326235),0
2022-12-09 14:52:05.070,80,6323895.0,298305.0,32719,431,516,769,1140,1458,1753,1996,2125,2314,2407,2815,1789,5,91,1438,POINT (298305 6323895),1
2022-12-09 14:52:05.070,81,6324345.0,298815.0,32719,500,583,850,1175,1491,1983,2197,2369,2556,2333,3075,2007,5,89,1560,POINT (298815 6324345),1
2022-12-09 14:52:05.070,82,6326295.0,298965.0,32719,428,403,570,719,939,1281,1448,1530,1677,2110,2276,1545,5,88,1133,POINT (298965 6326295),0
2022-12-09 14:52:05.070,83,6326835.0,303525.0,32719,418,564,799,1147,1440,1769,1903,2106,2257,2254,2922,1947,5,125,1232,POINT (303525 6326835),1
2022-12-09 14:52:05.070,84,6322635.0,304485.0,32719,465,515,740,931,1242,1622,1805,1822,1980,2262,2296,1645,5,114,834,POINT (304485 6322635),1
2022-12-09 14:52:05.070,85,6327525.0,303645.0,32719,437,521,749,1035,1224,1553,1711,1856,1957,2096,2802,1994,5,126,1271,POINT (303645 6327525),1
2022-12-09 14:52:05.070,86,6327045.0,300615.0,32719,414,438,638,780,1067,1516,1620,1756,1897,2069,2582,1786,5,120,1331,POINT (300615 6327045),1
2022-12-09 14:52:05.070,87,6322995.0,300345.0,32719,486,581,899,1467,1817,2020,2218,2392,2579,2599,3670,2493,5,127,1425,POINT (300345 6322995),0
2022-12-09 14:52:05.070,88,6322545.0,300825.0,32719,447,525,791,1205,1491,1731,1935,2101,2221,2284,2838,1831,5,124,1125,POINT (300825 6322545),0
2022-12-09 14:52:05.070,89,6326925.0,304815.0,32719,315,303,470,474,830,1381,1579,1632,1739,1611,1944,1316,4,119,1146,POINT (304815 6326925),0
2022-12-09 14:52:05.070,90,6325215.0,304035.0,32719,546,788,1120,1647,2028,2365,2586,2908,3047,2722,3993,2694,5,124,1337,POINT (304035 6325215),0
2022-12-09 14:52:05.070,91,6325785.0,298815.0,32719,568,882,1348,1991,2271,2687,2790,2902,2864,2825,4181,2928,5,87,1319,POINT (298815 6325785),0
2022-12-09 14:52:05.070,92,6323235.0,302205.0,32719,472,519,737,944,1282,1802,1956,2141,2253,2277,2704,1928,5,117,1055,POINT (302205 6323235),0
2022-12-09 14:52:05.070,93,6322995.0,300345.0,32719,486,581,899,1467,1817,2020,2218,2392,2579,2599,3670,2493,5,127,1425,POINT (300345 6322995),0
2022-12-09 14:52:05.070,94,6322335.0,304095.0,32719,540,774,1034,1274,1633,2177,2414,2546,2638,2512,2870,2186,5,108,974,POINT (304095 6322335),0
2022-12-09 14:52:05.070,95,6324435.0,299175.0,32719,384,461,674,851,1186,1614,1857,1938,2084,2202,2592,1650,5,88,1320,POINT (299175 6324435),1
2022-12-09 14:52:05.070,96,6323535.0,299955.0,32719,415,399,651,779,1170,1781,1992,2176,2333,2459,2371,1483,4,90,1453,POINT (299955 6323535),0
2022-12-09 14:52:05.070,97,6327285.0,303555.0,32719,355,427,664,950,1292,1537,1720,1817,1990,1984,2553,1646,5,125,1219,POINT (303555 6327285),1
2022-12-09 14:52:05.070,98,6326415.0,302145.0,32719,420,388,558,675,916,1331,1494,1607,1724,1955,2147,1459,5,125,1084,POINT (302145 6326415),1
2022-12-09 14:52:05.070,99,6325695.0,304305.0,32719,356,429,663,921,1259,1803,2030,2158,2221,2317,2293,1492,5,126,1364,POINT (304305 6325695),0
2022-12-14 14:52:02.571,0,6327645.0,299625.0,32719,481,540,747,820,1248,2024,2306,2468,2601,2679,2529,1669,4,112,1306,POINT (299625 6327645),0
2022-12-14 14:52:02.571,1,6323535.0,299985.0,32719,449,650,873,1237,1567,1915,2167,2333,2489,2455,3001,1948,5,112,1254,POINT (299985 6323535),0
2022-12-14 14:52:02.571,2,6324855.0,298305.0,32719,368,431,549,569,860,1686,1945,2053,2266,2463,2007,1262,4,112,1212,POINT (298305 6324855),0
2022-12-14 14:52:02.571,3,6326835.0,300195.0,32719,616,709,952,1263,1626,2149,2411,2499,2563,2506,3072,2154,5,139,1153,POINT (300195 6326835),0
2022-12-14 14:52:02.571,4,6322815.0,299055.0,32719,518,715,948,1374,1638,1913,2147,2364,2483,2657,3308,2110,5,112,1137,POINT (299055 6322815),0
2022-12-14 14:52:02.571,5,6323715.0,303975.0,32719,488,611,813,1142,1415,1750,1931,2160,2271,2405,3020,2155,5,133,918,POINT (303975 6323715),1
2022-12-14 14:52:02.571,6,6327225.0,302835.0,32719,538,711,983,1338,1784,2163,2363,2606,2683,2643,3477,2432,5,143,1188,POINT (302835 6327225),0
2022-12-14 14:52:02.571,7,6324705.0,299505.0,32719,437,541,675,792,1081,1480,1683,1788,1871,2009,2484,1750,5,110,1203,POINT (299505 6324705),1
2022-12-14 14:52:02.571,8,6323625.0,298545.0,32719,531,643,913,1360,1638,2018,2283,2514,2619,2849,3207,2030,5,112,1128,POINT (298545 6323625),1
2022-12-14 14:52:02.571,9,6325485.0,304605.0,32719,477,845,1123,1600,1856,2650,3045,3398,3421,3203,3316,2124,5,141,1201,POINT (304605 6325485),0
2022-12-14 14:52:02.571,10,6327345.0,300345.0,32719,580,606,791,975,1291,1839,2067,2167,2259,2179,2605,1822,5,139,1219,POINT (300345 6327345),0
2022-12-14 14:52:02.571,11,6322665.0,301815.0,32719,462,574,750,1147,1381,1636,1812,1991,2055,2143,2879,2065,5,132,888,POINT (301815 6322665),0
2022-12-14 14:52:02.571,12,6327525.0,303465.0,32719,455,605,808,1115,1422,1752,1902,2047,2139,2129,2969,2145,5,142,1194,POINT (303465 6327525),0
2022-12-14 14:52:02.571,13,6325035.0,298935.0,32719,665,770,962,1241,1602,2121,2332,2362,2582,2577,3288,2335,5,108,1128,POINT (298935 6325035),0
2022-12-14 14:52:02.571,14,6322215.0,299625.0,32719,451,635,872,1328,1657,1905,2069,2237,2324,2308,3010,2176,5,109,1140,POINT (299625 6322215),0
2022-12-14 14:52:02.571,15,6323535.0,304725.0,32719,407,630,869,1269,1549,1838,1990,2177,2268,2215,2924,2047,5,132,898,POINT (304725 6323535),0
2022-12-14 14:52:02.571,16,6326265.0,299445.0,32719,466,548,758,1082,1446,1836,2079,2171,2355,2477,3111,2186,5,109,1054,POINT (299445 6326265),0
2022-12-14 14:52:02.571,17,6327195.0,304305.0,32719,502,693,922,1290,1576,1889,2118,2368,2448,2416,2851,1948,5,140,1190,POINT (304305 6327195),1
2022-12-14 14:52:02.571,18,6324885.0,302745.0,32719,439,662,868,1224,1445,1745,1980,2138,2192,2053,2794,1967,5,138,1001,POINT (302745 6324885),1
2022-12-14 14:52:02.571,19,6322395.0,301635.0,32719,537,693,810,980,1255,1615,1782,1932,2046,1982,2357,1738,2,133,835,POINT (301635 6322395),0
2022-12-14 14:52:02.571,20,6323475.0,299325.0,32719,486,706,944,1331,1636,1972,2207,2424,2546,2472,3346,2305,5,113,1156,POINT (299325 6323475),1
2022-12-14 14:52:02.571,21,6324675.0,300585.0,32719,516,659,874,1201,1571,1898,2148,2351,2524,2553,3365,2166,5,145,1153,POINT (300585 6324675),1
2022-12-14 14:52:02.571,22,6326715.0,300465.0,32719,779,1084,1428,1931,2132,2427,2507,2583,2582,2240,3947,2769,5,138,1232,POINT (300465 6326715),1
2022-12-14 14:52:02.571,23,6327285.0,300855.0,32719,509,694,986,1553,2144,2208,2241,2306,2315,2283,3338,2480,5,139,1299,POINT (300855 6327285),1
2022-12-14 14:52:02.571,24,6325935.0,299205.0,32719,528,606,844,1257,1607,2157,2406,2512,2659,2767,3216,2386,5,109,1126,POINT (299205 6325935),0
2022-12-14 14:52:02.571,25,6322215.0,298575.0,32719,678,889,1173,1621,2072,2573,2848,2967,3136,3124,3490,2443,5,113,1271,POINT (298575 6322215),0
2022-12-14 14:52:02.571,26,6326565.0,304905.0,32719,466,520,614,746,1000,1409,1571,1728,1794,2087,2191,1581,5,138,869,POINT (304905 6326565),0
2022-12-14 14:52:02.571,27,6326655.0,298785.0,32719,453,616,782,1124,1320,1616,1847,2089,2257,2217,3541,2157,5,111,1100,POINT (298785 6326655),0
2022-12-14 14:52:02.571,28,6326325.0,300045.0,32719,423,567,814,1166,1511,1950,2139,2240,2334,2159,3051,2365,5,139,1200,POINT (300045 6326325),0
2022-12-14 14:52:02.571,29,6326415.0,304815.0,32719,419,496,691,717,1160,1859,2103,2264,2307,2493,2288,1513,4,141,1046,POINT (304815 6326415),0
2022-12-14 14:52:02.571,30,6326985.0,303165.0,32719,511,659,807,890,1207,1795,1967,2093,2145,2297,2531,1753,5,142,1016,POINT (303165 6326985),0
2022-12-14 14:52:02.571,31,6324645.0,302895.0,32719,472,600,760,985,1278,1774,2055,2214,2298,2204,2540,1686,5,137,997,POINT (302895 6324645),1
2022-12-14 14:52:02.571,32,6322215.0,300975.0,32719,565,880,1094,1410,1688,2150,2319,2510,2593,2501,2703,1982,5,139,1091,POINT (300975 6322215),0
2022-12-14 14:52:02.571,33,6322935.0,301665.0,32719,517,699,945,1343,1614,2035,2207,2340,2412,2360,3053,2366,5,134,1106,POINT (301665 6322935),0
2022-12-14 14:52:02.571,34,6326145.0,304275.0,32719,306,299,436,380,709,1808,2183,2328,2445,2479,1539,863,4,142,1137,POINT (304275 6326145),0
2022-12-14 14:52:02.571,35,6325365.0,298125.0,32719,608,836,1152,1809,2089,2409,2514,2689,2711,2795,4039,3034,5,109,1234,POINT (298125 6325365),0
2022-12-14 14:52:02.571,36,6324675.0,303135.0,32719,422,546,702,999,1217,1474,1668,1839,1921,2116,2684,1835,5,136,854,POINT (303135 6324675),1
2022-12-14 14:52:02.571,37,6324015.0,303345.0,32719,566,686,946,1351,1647,1955,2153,2314,2468,2701,3393,2442,5,136,959,POINT (303345 6324015),0
2022-12-14 14:52:02.571,38,6327435.0,299355.0,32719,694,619,825,1064,1273,1834,2116,2379,2486,2839,2810,1820,5,112,1129,POINT (299355 6327435),0
2022-12-14 14:52:02.571,39,6327435.0,304065.0,32719,481,681,929,1495,1860,2083,2401,2760,3006,2772,3876,2325,5,143,1209,POINT (304065 6327435),0
2022-12-14 14:52:02.571,40,6326715.0,300615.0,32719,505,528,706,803,1170,1585,1757,1840,1904,1915,2529,1858,5,139,1093,POINT (300615 6326715),1
2022-12-14 14:52:02.571,41,6322215.0,301935.0,32719,428,542,653,780,1084,1565,1789,1919,2016,1996,2337,1694,5,135,905,POINT (301935 6322215),0
2022-12-14 14:52:02.571,42,6323775.0,300735.0,32719,535,750,1001,1452,1784,2164,2398,2661,2724,2702,2794,1929,5,143,1145,POINT (300735 6323775),0
2022-12-14 14:52:02.571,43,6326985.0,300345.0,32719,600,654,900,1301,1645,1914,2063,2059,2103,2363,3475,2590,5,139,1117,POINT (300345 6326985),0
2022-12-14 14:52:02.571,44,6322335.0,303165.0,32719,602,745,911,1092,1451,1933,2158,2234,2361,2410,2573,1919,5,126,867,POINT (303165 6322335),0
2022-12-14 14:52:02.571,45,6324825.0,303165.0,32719,478,607,799,1161,1409,1678,1851,2063,2174,2298,2839,1945,5,138,904,POINT (303165 6324825),1
2022-12-14 14:52:02.571,46,6323205.0,299625.0,32719,527,717,1002,1409,1709,2124,2379,2566,2659,2573,3028,2034,5,112,1232,POINT (299625 6323205),1
2022-12-14 14:52:02.571,47,6326085.0,303945.0,32719,679,817,1019,1481,1989,2444,2600,2700,2976,3131,3315,2216,5,143,1188,POINT (303945 6326085),0
2022-12-14 14:52:02.571,48,6324495.0,298425.0,32719,496,834,1137,1515,1871,2484,2872,3000,3166,2699,3102,2082,5,113,1438,POINT (298425 6324495),0
2022-12-14 14:52:02.571,49,6326505.0,299655.0,32719,558,646,898,1111,1614,2339,2633,2761,2870,2933,3066,2279,5,109,1198,POINT (299655 6326505),0
2022-12-14 14:52:02.571,50,6327435.0,304995.0,32719,413,506,662,891,1191,1566,1669,1819,1967,2132,2572,1746,5,137,1011,POINT (304995 6327435),0
2022-12-14 14:52:02.571,51,6326745.0,303105.0,32719,520,670,829,1020,1341,1895,2155,2296,2339,2360,2664,1747,5,143,1070,POINT (303105 6326745),0
2022-12-14 14:52:02.571,52,6323055.0,304725.0,32719,494,619,806,1139,1365,1646,1798,1984,2086,2117,2786,2014,5,128,795,POINT (304725 6323055),1
2022-12-14 14:52:02.571,53,6326625.0,299415.0,32719,462,664,914,1315,1642,2193,2511,2664,2739,2716,3049,2188,5,110,1228,POINT (299415 6326625),0
2022-12-14 14:52:02.571,54,6324105.0,303435.0,32719,487,605,811,1094,1440,1957,2263,2450,2666,2702,3297,2186,5,136,1025,POINT (303435 6324105),0
2022-12-14 14:52:02.571,55,6326205.0,302685.0,32719,516,599,791,1071,1339,1616,1739,1820,1865,2059,3130,2264,5,140,1118,POINT (302685 6326205),1
2022-12-14 14:52:02.571,56,6326085.0,300465.0,32719,612,1148,1881,2779,2892,3326,3446,3525,3278,2253,4295,3257,5,140,1401,POINT (300465 6326085),1
2022-12-14 14:52:02.571,57,6325695.0,301545.0,32719,392,495,604,613,887,1500,1734,1803,1877,1843,2069,1417,5,141,1056,POINT (301545 6325695),1
2022-12-14 14:52:02.571,58,6327105.0,298395.0,32719,512,626,815,1159,1522,1730,1992,2222,2397,2412,3743,2464,5,112,1187,POINT (298395 6327105),0
2022-12-14 14:52:02.571,59,6324825.0,301275.0,32719,427,630,813,1042,1298,1701,1944,2213,2313,2218,2462,1646,5,142,1243,POINT (301275 6324825),1
2022-12-14 14:52:02.571,60,6325575.0,298515.0,32719,601,610,833,1004,1439,2155,2436,2573,2667,2652,2836,1931,5,108,1118,POINT (298515 6325575),0
2022-12-14 14:52:02.571,61,6324165.0,304425.0,32719,541,668,880,1246,1510,1810,1989,2202,2271,2395,2708,1876,5,134,877,POINT (304425 6324165),0
2022-12-14 14:52:02.571,62,6327135.0,301995.0,32719,746,905,1237,1858,2323,2669,2795,3020,3148,3197,4251,3004,5,144,1252,POINT (301995 6327135),0
2022-12-14 14:52:02.571,63,6327345.0,300045.0,32719,447,650,843,1138,1427,1869,2083,2154,2203,2253,3167,2252,5,139,1228,POINT (300045 6327345),0
2022-12-14 14:52:02.571,64,6326955.0,298035.0,32719,502,570,743,933,1385,1821,2091,2286,2426,2347,3123,2049,5,112,1235,POINT (298035 6326955),0
2022-12-14 14:52:02.571,65,6322395.0,298485.0,32719,457,740,995,1144,1365,2062,2332,2450,2514,2547,2132,1380,5,114,1226,POINT (298485 6322395),0
2022-12-14 14:52:02.571,66,6326475.0,305055.0,32719,362,314,448,368,806,1734,2079,2166,2214,2251,1790,1117,4,140,1033,POINT (305055 6326475),0
2022-12-14 14:52:02.571,67,6323895.0,299535.0,32719,366,413,608,588,1002,2292,2670,2917,2978,2750,1902,1138,4,113,1333,POINT (299535 6323895),1
2022-12-14 14:52:02.571,68,6324585.0,300075.0,32719,567,562,769,997,1350,1820,2097,2310,2478,2467,3213,2050,5,145,1166,POINT (300075 6324585),1
2022-12-14 14:52:02.571,69,6322785.0,299805.0,32719,459,576,758,1000,1307,1641,1873,1972,2128,2289,2551,1691,5,111,1102,POINT (299805 6322785),0
2022-12-14 14:52:02.571,70,6322155.0,299355.0,32719,452,510,666,750,1085,1624,1784,1924,2056,1990,2415,1675,5,109,1076,POINT (299355 6322155),0
2022-12-14 14:52:02.571,71,6322755.0,300915.0,32719,457,645,847,1236,1526,1862,2068,2318,2440,2259,3026,2006,5,140,1076,POINT (300915 6322755),0
2022-12-14 14:52:02.571,72,6324735.0,305025.0,32719,404,626,881,1230,1560,2012,2258,2589,2739,2539,2987,1861,5,139,1021,POINT (305025 6324735),0
2022-12-14 14:52:02.571,73,6324555.0,301245.0,32719,497,619,769,895,1165,1729,1932,2102,2199,2191,2547,1759,5,141,1067,POINT (301245 6324555),1
2022-12-14 14:52:02.571,74,6323775.0,299865.0,32719,488,595,810,1084,1450,1830,2057,2218,2401,2619,2949,2011,5,112,1104,POINT (299865 6323775),1
2022-12-14 14:52:02.571,75,6327345.0,299115.0,32719,553,666,918,1084,1467,1997,2370,2579,2606,2578,2827,1949,5,112,1302,POINT (299115 6327345),0
2022-12-14 14:52:02.571,76,6326565.0,303045.0,32719,473,756,981,1343,1634,1965,2114,2270,2343,2384,2790,1950,5,143,1272,POINT (303045 6326565),1
2022-12-14 14:52:02.571,77,6322875.0,300735.0,32719,501,596,728,947,1213,1506,1712,1848,1925,1978,2603,1896,5,141,1019,POINT (300735 6322875),0
2022-12-14 14:52:02.571,78,6325425.0,299595.0,32719,782,832,1135,1571,2003,2302,2391,2317,2463,2574,3710,2839,5,107,1176,POINT (299595 6325425),1
2022-12-14 14:52:02.571,79,6326235.0,297975.0,32719,521,719,975,1384,1625,2022,2321,2505,2642,2572,3258,2141,5,111,1211,POINT (297975 6326235),0
2022-12-14 14:52:02.571,80,6323895.0,298305.0,32719,458,594,811,1194,1439,1783,1998,2148,2301,2414,2845,1840,5,113,1105,POINT (298305 6323895),1
2022-12-14 14:52:02.571,81,6324345.0,298815.0,32719,559,692,920,1231,1596,2000,2249,2414,2491,2347,3081,2076,5,111,1235,POINT (298815 6324345),1
2022-12-14 14:52:02.571,82,6326295.0,298965.0,32719,463,492,631,772,993,1289,1482,1590,1733,2110,2276,1562,5,110,974,POINT (298965 6326295),0
2022-12-14 14:52:02.571,83,6326835.0,303525.0,32719,442,655,842,1196,1423,1769,1991,2162,2300,2279,2859,1971,5,141,1115,POINT (303525 6326835),1
2022-12-14 14:52:02.571,84,6322635.0,304485.0,32719,483,580,766,953,1185,1592,1808,1845,1955,2252,2242,1672,5,128,821,POINT (304485 6322635),1
2022-12-14 14:52:02.571,85,6327525.0,303645.0,32719,467,611,780,1068,1290,1576,1713,1919,1939,2102,2881,2083,5,142,1097,POINT (303645 6327525),1
2022-12-14 14:52:02.571,86,6327045.0,300615.0,32719,444,514,660,805,1060,1505,1645,1775,1906,2075,2597,1838,5,141,1113,POINT (300615 6327045),1
2022-12-14 14:52:02.571,87,6322995.0,300345.0,32719,502,658,913,1463,1797,2019,2212,2418,2553,2569,3685,2556,5,143,1196,POINT (300345 6322995),0
2022-12-14 14:52:02.571,88,6322545.0,300825.0,32719,463,609,839,1228,1482,1720,1891,2102,2206,2289,2855,1914,5,140,906,POINT (300825 6322545),0
2022-12-14 14:52:02.571,89,6326925.0,304815.0,32719,353,388,505,524,811,1405,1529,1658,1710,1630,1951,1385,4,135,976,POINT (304815 6326925),0
2022-12-14 14:52:02.571,90,6325215.0,304035.0,32719,606,899,1199,1704,2039,2393,2575,2954,3019,2740,4059,2756,5,140,1059,POINT (304035 6325215),0
2022-12-14 14:52:02.571,91,6325785.0,298815.0,32719,581,917,1353,1970,2226,2564,2756,2940,2859,2815,4169,3012,5,108,1161,POINT (298815 6325785),0
2022-12-14 14:52:02.571,92,6323235.0,302205.0,32719,532,675,824,1037,1379,1836,2060,2192,2317,2310,2845,2043,5,132,927,POINT (302205 6323235),0
2022-12-14 14:52:02.571,93,6322995.0,300345.0,32719,502,658,913,1463,1797,2019,2212,2418,2553,2569,3685,2556,5,143,1196,POINT (300345 6322995),0
2022-12-14 14:52:02.571,94,6322335.0,304095.0,32719,586,856,1090,1303,1618,2207,2431,2600,2577,2489,2902,2221,5,126,884,POINT (304095 6322335),0
2022-12-14 14:52:02.571,95,6324435.0,299175.0,32719,417,548,726,905,1203,1639,1810,1982,2069,2210,2608,1722,5,110,1069,POINT (299175 6324435),1
2022-12-14 14:52:02.571,96,6323535.0,299955.0,32719,449,519,729,847,1203,1805,2082,2222,2344,2455,2616,1669,5,112,1186,POINT (299955 6323535),0
2022-12-14 14:52:02.571,97,6327285.0,303555.0,32719,387,546,739,1047,1299,1600,1774,1880,1960,1979,2669,1764,5,141,1051,POINT (303555 6327285),1
2022-12-14 14:52:02.571,98,6326415.0,302145.0,32719,496,515,622,737,988,1341,1527,1662,1711,1962,2110,1508,5,141,941,POINT (302145 6326415),1
2022-12-14 14:52:02.571,99,6325695.0,304305.0,32719,394,533,721,982,1250,1896,2174,2218,2266,2341,2344,1560,5,142,1087,POINT (304305 6325695),0
2022-12-19 14:52:03.228,0,6327645.0,299625.0,32719,474,477,755,857,1290,2107,2354,2439,2595,2638,2728,1673,4,112,1326,POINT (299625 6327645),0
2022-12-19 14:52:03.228,1,6323535.0,299985.0,32719,410,571,831,1164,1520,1863,2106,2272,2477,2444,2776,1839,5,112,1302,POINT (299985 6323535),0
2022-12-19 14:52:03.228,2,6324855.0,298305.0,32719,319,346,500,538,855,1661,1942,1982,2164,2439,1987,1249,4,112,1148,POINT (298305 6324855),0
2022-12-19 14:52:03.228,3,6326835.0,300195.0,32719,570,589,912,1200,1542,2113,2298,2488,2538,2505,2960,2148,5,128,1204,POINT (300195 6326835),0
2022-12-19 14:52:03.228,4,6322815.0,299055.0,32719,475,616,910,1346,1644,1918,2123,2361,2548,2716,3272,1979,5,112,1244,POINT (299055 6322815),0
2022-12-19 14:52:03.228,5,6323715.0,303975.0,32719,830,958,1093,1282,1449,1490,1583,1704,1730,1722,2473,2429,5,123,1128,POINT (303975 6323715),1
2022-12-19 14:52:03.228,6,6327225.0,302835.0,32719,531,598,929,1285,1674,2057,2274,2507,2702,2643,3181,2149,5,132,1250,POINT (302835 6327225),0
2022-12-19 14:52:03.228,7,6324705.0,299505.0,32719,667,760,891,1077,1181,1238,1254,1285,1350,1344,2429,2974,5,110,1284,POINT (299505 6324705),1
2022-12-19 14:52:03.228,8,6323625.0,298545.0,32719,791,973,1091,1214,1257,1314,1342,1391,1439,1737,2012,2166,5,112,1183,POINT (298545 6323625),1
2022-12-19 14:52:03.228,9,6325485.0,304605.0,32719,499,767,1100,1471,1961,2649,2988,3263,3461,3191,3111,1979,5,131,1326,POINT (304605 6325485),0
2022-12-19 14:52:03.228,10,6327345.0,300345.0,32719,563,542,755,949,1321,1867,2064,2129,2236,2165,2654,1828,5,127,1258,POINT (300345 6327345),0
2022-12-19 14:52:03.228,11,6322665.0,301815.0,32719,458,506,738,1141,1403,1643,1812,1967,2073,2174,2880,1996,5,122,941,POINT (301815 6322665),0
2022-12-19 14:52:03.228,12,6327525.0,303465.0,32719,450,540,775,1087,1385,1753,1890,1995,2152,2106,2902,2069,5,131,1294,POINT (303465 6327525),0
2022-12-19 14:52:03.228,13,6325035.0,298935.0,32719,665,669,925,1244,1575,1918,2088,2184,2325,1999,3087,2446,5,108,1200,POINT (298935 6325035),0
2022-12-19 14:52:03.228,14,6322215.0,299625.0,32719,421,570,865,1299,1628,1909,2044,2206,2293,2291,2988,2114,5,109,1213,POINT (299625 6322215),0
2022-12-19 14:52:03.228,15,6323535.0,304725.0,32719,421,590,862,1266,1561,1812,2014,2159,2295,2254,2876,1965,5,122,995,POINT (304725 6323535),0
2022-12-19 14:52:03.228,16,6326265.0,299445.0,32719,442,492,742,1074,1429,1838,2106,2181,2338,2470,3193,2082,5,109,1111,POINT (299445 6326265),0
2022-12-19 14:52:03.228,17,6327195.0,304305.0,32719,796,975,1078,1262,1434,1456,1504,1564,1645,1726,2324,2290,5,130,1226,POINT (304305 6327195),1
2022-12-19 14:52:03.228,18,6324885.0,302745.0,32719,459,604,853,1184,1415,1754,1938,2055,2205,1990,2685,2001,5,128,1147,POINT (302745 6324885),1
2022-12-19 14:52:03.228,19,6322395.0,301635.0,32719,535,572,768,951,1233,1582,1804,1896,1961,2013,2158,1597,2,123,840,POINT (301635 6322395),0
2022-12-19 14:52:03.228,20,6323475.0,299325.0,32719,626,1004,1151,1401,1527,1613,1701,1755,1806,1622,2731,2690,5,113,1336,POINT (299325 6323475),1
2022-12-19 14:52:03.228,21,6324675.0,300585.0,32719,849,929,978,1153,1249,1286,1298,1336,1395,1453,2114,2203,5,134,1237,POINT (300585 6324675),1
2022-12-19 14:52:03.228,22,6326715.0,300465.0,32719,685,963,1318,1789,1950,2208,2137,2191,2080,1778,3667,2841,5,127,1421,POINT (300465 6326715),1
2022-12-19 14:52:03.228,23,6327285.0,300855.0,32719,558,635,888,1457,1668,1698,1769,1723,1689,1589,2812,2682,5,128,1301,POINT (300855 6327285),1
2022-12-19 14:52:03.228,24,6325935.0,299205.0,32719,503,502,806,1217,1649,2158,2366,2522,2620,2759,3176,2208,5,109,1114,POINT (299205 6325935),0
2022-12-19 14:52:03.228,25,6322215.0,298575.0,32719,654,783,1145,1639,2135,2486,2718,2944,3134,3128,3523,2263,5,113,1396,POINT (298575 6322215),0
2022-12-19 14:52:03.228,26,6326565.0,304905.0,32719,448,435,583,742,990,1395,1568,1659,1817,2064,2188,1526,5,128,967,POINT (304905 6326565),0
2022-12-19 14:52:03.228,27,6326655.0,298785.0,32719,433,555,757,1127,1371,1662,1899,2062,2274,2238,3518,2089,5,111,1132,POINT (298785 6326655),0
2022-12-19 14:52:03.228,28,6326325.0,300045.0,32719,405,506,764,1138,1481,1929,2108,2201,2272,2185,3045,2272,5,128,1249,POINT (300045 6326325),0
2022-12-19 14:52:03.228,29,6326415.0,304815.0,32719,401,430,691,732,1186,1846,2084,2192,2309,2508,2236,1449,4,130,1153,POINT (304815 6326415),0
2022-12-19 14:52:03.228,30,6326985.0,303165.0,32719,482,575,750,845,1181,1695,1948,2006,2178,2269,2470,1684,5,131,1090,POINT (303165 6326985),0
2022-12-19 14:52:03.228,31,6324645.0,302895.0,32719,772,907,985,1117,1203,1206,1271,1381,1387,1264,1985,1987,2,126,840,POINT (302895 6324645),1
2022-12-19 14:52:03.228,32,6322215.0,300975.0,32719,567,784,1051,1386,1699,2096,2344,2539,2559,2526,2629,1878,5,129,1192,POINT (300975 6322215),0
2022-12-19 14:52:03.228,33,6322935.0,301665.0,32719,526,661,953,1357,1665,2038,2192,2319,2429,2382,3106,2307,5,124,1149,POINT (301665 6322935),0
2022-12-19 14:52:03.228,34,6326145.0,304275.0,32719,299,226,417,359,743,1771,2119,2261,2329,2447,1524,832,4,131,1194,POINT (304275 6326145),0
2022-12-19 14:52:03.228,35,6325365.0,298125.0,32719,581,699,1084,1644,2045,2277,2412,2553,2637,2776,3863,2705,5,109,1221,POINT (298125 6325365),0
2022-12-19 14:52:03.228,36,6324675.0,303135.0,32719,1039,1303,1384,1473,1563,1535,1546,1598,1601,1475,2227,2502,5,126,1208,POINT (303135 6324675),1
2022-12-19 14:52:03.228,37,6324015.0,303345.0,32719,564,640,928,1345,1673,1953,2146,2301,2467,2688,3415,2360,5,125,1010,POINT (303345 6324015),0
2022-12-19 14:52:03.228,38,6327435.0,299355.0,32719,643,541,797,1031,1235,1883,2118,2306,2456,2858,2867,1770,5,112,1166,POINT (299355 6327435),0
2022-12-19 14:52:03.228,39,6327435.0,304065.0,32719,504,610,912,1473,1798,2088,2396,2730,2956,2783,3688,2229,5,132,1310,POINT (304065 6327435),0
2022-12-19 14:52:03.228,40,6326715.0,300615.0,32719,602,556,622,798,910,921,1004,1007,1115,1057,2350,2738,5,129,1096,POINT (300615 6326715),1
2022-12-19 14:52:03.228,41,6322215.0,301935.0,32719,433,440,653,766,1106,1646,1799,1919,2003,2007,2338,1607,5,125,975,POINT (301935 6322215),0
2022-12-19 14:52:03.228,42,6323775.0,300735.0,32719,567,667,976,1448,1798,2170,2422,2598,2752,2722,2739,1869,5,132,1193,POINT (300735 6323775),0
2022-12-19 14:52:03.228,43,6326985.0,300345.0,32719,590,592,881,1276,1619,1920,2012,2015,2089,2337,3415,2495,5,129,1258,POINT (300345 6326985),0
2022-12-19 14:52:03.228,44,6322335.0,303165.0,32719,591,656,909,1076,1451,1914,2144,2217,2380,2401,2498,1849,5,114,920,POINT (303165 6322335),0
2022-12-19 14:52:03.228,45,6324825.0,303165.0,32719,939,914,1012,1160,1230,1208,1265,1328,1369,1359,2154,2448,5,127,1045,POINT (303165 6324825),1
2022-12-19 14:52:03.228,46,6323205.0,299625.0,32719,789,773,963,1266,1368,1469,1566,1655,1720,1668,3169,3098,5,112,1256,POINT (299625 6323205),1
2022-12-19 14:52:03.228,47,6326085.0,303945.0,32719,645,720,1041,1482,1935,2373,2690,2671,3042,3095,3280,2319,5,132,1298,POINT (303945 6326085),0
2022-12-19 14:52:03.228,48,6324495.0,298425.0,32719,443,753,1100,1484,1881,2531,2934,2998,3238,2712,3087,2040,5,113,1517,POINT (298425 6324495),0
2022-12-19 14:52:03.228,49,6326505.0,299655.0,32719,490,537,842,1099,1644,2335,2628,2754,2900,2894,3167,2185,5,109,1245,POINT (299655 6326505),0
2022-12-19 14:52:03.228,50,6327435.0,304995.0,32719,404,457,640,871,1150,1566,1709,1821,1976,2103,2526,1698,5,127,1109,POINT (304995 6327435),0
2022-12-19 14:52:03.228,51,6326745.0,303105.0,32719,485,532,782,997,1369,1915,2119,2239,2330,2357,2603,1734,5,132,1143,POINT (303105 6326745),0
2022-12-19 14:52:03.228,52,6323055.0,304725.0,32719,788,850,962,1171,1314,1372,1471,1516,1637,1557,2363,2198,5,119,795,POINT (304725 6323055),1
2022-12-19 14:52:03.228,53,6326625.0,299415.0,32719,439,567,879,1254,1579,2206,2458,2627,2782,2705,2923,2005,5,110,1310,POINT (299415 6326625),0
2022-12-19 14:52:03.228,54,6324105.0,303435.0,32719,480,537,777,1054,1426,1998,2339,2474,2608,2712,3042,2060,5,125,1099,POINT (303435 6324105),0
2022-12-19 14:52:03.228,55,6326205.0,302685.0,32719,536,473,582,760,843,920,982,953,1032,1336,2140,2384,5,130,973,POINT (302685 6326205),1
2022-12-19 14:52:03.228,56,6326085.0,300465.0,32719,642,1187,1836,2675,2749,2975,3218,3180,2909,1449,4159,3472,5,129,1608,POINT (300465 6326085),1
2022-12-19 14:52:03.228,57,6325695.0,301545.0,32719,970,1377,1538,1702,1857,1815,1852,1898,1872,1636,2514,2944,5,130,1369,POINT (301545 6325695),1
2022-12-19 14:52:03.228,58,6327105.0,298395.0,32719,494,569,777,1147,1487,1779,1990,2192,2459,2428,3725,2411,5,112,1196,POINT (298395 6327105),0
2022-12-19 14:52:03.228,59,6324825.0,301275.0,32719,1069,1219,1315,1458,1460,1369,1545,1645,1600,1556,2292,2565,5,131,1162,POINT (301275 6324825),1
2022-12-19 14:52:03.228,60,6325575.0,298515.0,32719,589,530,814,1047,1533,2159,2431,2486,2682,2648,2909,1933,5,108,1105,POINT (298515 6325575),0
2022-12-19 14:52:03.228,61,6324165.0,304425.0,32719,530,587,833,1216,1513,1813,2022,2158,2279,2385,2652,1812,5,124,932,POINT (304425 6324165),0
2022-12-19 14:52:03.228,62,6327135.0,301995.0,32719,767,825,1225,1820,2385,2645,2816,3027,3265,3237,4231,2960,5,133,1222,POINT (301995 6327135),0
2022-12-19 14:52:03.228,63,6327345.0,300045.0,32719,423,590,839,1192,1489,1904,2057,2166,2279,2261,3169,2190,5,128,1314,POINT (300045 6327345),0
2022-12-19 14:52:03.228,64,6326955.0,298035.0,32719,494,503,739,962,1377,1788,2071,2279,2422,2380,3116,2044,5,112,1220,POINT (298035 6326955),0
2022-12-19 14:52:03.228,65,6322395.0,298485.0,32719,433,657,940,1051,1395,2030,2235,2301,2460,2528,2126,1363,5,114,1341,POINT (298485 6322395),0
2022-12-19 14:52:03.228,66,6326475.0,305055.0,32719,341,240,412,381,750,1688,2056,2098,2219,2219,1732,1060,4,129,1172,POINT (305055 6326475),0
2022-12-19 14:52:03.228,67,6323895.0,299535.0,32719,672,826,973,1119,1251,1285,1340,1388,1431,1384,2350,2551,5,113,1320,POINT (299535 6323895),1
2022-12-19 14:52:03.228,68,6324585.0,300075.0,32719,695,625,736,850,971,1035,1132,1159,1261,1371,2100,2094,5,134,1255,POINT (300075 6324585),1
2022-12-19 14:52:03.228,69,6322785.0,299805.0,32719,431,480,736,980,1265,1635,1835,1944,2096,2288,2594,1661,5,111,1204,POINT (299805 6322785),0
2022-12-19 14:52:03.228,70,6322155.0,299355.0,32719,417,445,623,757,1128,1658,1860,1924,2091,1970,2465,1597,5,109,1114,POINT (299355 6322155),0
2022-12-19 14:52:03.228,71,6322755.0,300915.0,32719,451,566,813,1176,1498,1831,2008,2231,2367,2244,2943,1913,5,130,1130,POINT (300915 6322755),0
2022-12-19 14:52:03.228,72,6324735.0,305025.0,32719,405,567,830,1213,1557,1948,2243,2523,2648,2541,2776,1725,5,129,1163,POINT (305025 6324735),0
2022-12-19 14:52:03.228,73,6324555.0,301245.0,32719,810,810,1000,1147,1342,1574,1752,1821,1941,1904,2517,2035,5,131,1171,POINT (301245 6324555),1
2022-12-19 14:52:03.228,74,6323775.0,299865.0,32719,743,996,1173,1406,1558,1657,1739,1795,1934,2056,2797,2574,5,112,1325,POINT (299865 6323775),1
2022-12-19 14:52:03.228,75,6327345.0,299115.0,32719,547,682,961,1239,1591,2077,2319,2593,2640,2563,2848,1869,5,112,1364,POINT (299115 6327345),0
2022-12-19 14:52:03.228,76,6326565.0,303045.0,32719,567,691,910,1229,1420,1639,1823,1847,2040,2093,2536,2099,5,132,1316,POINT (303045 6326565),1
2022-12-19 14:52:03.228,77,6322875.0,300735.0,32719,522,535,719,955,1219,1538,1719,1835,2002,2065,2692,1902,5,131,1070,POINT (300735 6322875),0
2022-12-19 14:52:03.228,78,6325425.0,299595.0,32719,761,791,1031,1432,1567,1550,1636,1675,1662,1787,3008,2770,5,107,1185,POINT (299595 6325425),1
2022-12-19 14:52:03.228,79,6326235.0,297975.0,32719,506,610,910,1347,1612,2025,2260,2512,2653,2576,3256,2154,5,111,1220,POINT (297975 6326235),0
2022-12-19 14:52:03.228,80,6323895.0,298305.0,32719,947,886,984,1116,1153,1196,1203,1291,1299,1416,2094,2261,5,113,1294,POINT (298305 6323895),1
2022-12-19 14:52:03.228,81,6324345.0,298815.0,32719,802,837,1016,1286,1503,1540,1682,1714,1824,1722,2831,2899,5,111,1316,POINT (298815 6324345),1
2022-12-19 14:52:03.228,82,6326295.0,298965.0,32719,425,397,576,748,910,1311,1438,1569,1632,2082,2229,1533,5,110,1012,POINT (298965 6326295),0
2022-12-19 14:52:03.228,83,6326835.0,303525.0,32719,528,552,719,980,1184,1336,1468,1574,1703,1553,2373,1875,5,130,1197,POINT (303525 6326835),1
2022-12-19 14:52:03.228,84,6322635.0,304485.0,32719,679,824,945,1084,1172,1250,1288,1315,1461,1828,2177,2232,5,118,926,POINT (304485 6322635),1
2022-12-19 14:52:03.228,85,6327525.0,303645.0,32719,483,536,739,1044,1240,1438,1581,1790,1858,2041,2779,2158,5,132,1189,POINT (303645 6327525),1
2022-12-19 14:52:03.228,86,6327045.0,300615.0,32719,652,608,699,857,938,984,1026,1059,1126,1276,2322,2615,5,130,1131,POINT (300615 6327045),1
2022-12-19 14:52:03.228,87,6322995.0,300345.0,32719,541,605,903,1475,1805,2060,2224,2413,2595,2627,3675,2517,5,132,1288,POINT (300345 6322995),0
2022-12-19 14:52:03.228,88,6322545.0,300825.0,32719,473,556,807,1246,1522,1741,1950,2083,2154,2270,2907,1871,5,130,1003,POINT (300825 6322545),0
2022-12-19 14:52:03.228,89,6326925.0,304815.0,32719,530,330,479,523,820,1302,1440,1575,1645,1316,1933,1401,5,125,1135,POINT (304815 6326925),0
2022-12-19 14:52:03.228,90,6325215.0,304035.0,32719,603,816,1151,1692,2020,2340,2618,2914,3048,2715,3930,2741,5,130,1197,POINT (304035 6325215),0
2022-12-19 14:52:03.228,91,6325785.0,298815.0,32719,562,907,1423,2108,2373,2766,2798,2945,2906,2829,4260,2930,5,108,1214,POINT (298815 6325785),0
2022-12-19 14:52:03.228,92,6323235.0,302205.0,32719,510,559,806,982,1299,1799,2016,2164,2284,2285,2720,1962,5,122,986,POINT (302205 6323235),0
2022-12-19 14:52:03.228,93,6322995.0,300345.0,32719,541,605,903,1475,1805,2060,2224,2413,2595,2627,3675,2517,5,132,1288,POINT (300345 6322995),0
2022-12-19 14:52:03.228,94,6322335.0,304095.0,32719,574,796,1072,1304,1681,2192,2401,2556,2600,2475,2913,2135,5,115,965,POINT (304095 6322335),0
2022-12-19 14:52:03.228,95,6324435.0,299175.0,32719,767,855,956,1123,1177,1206,1224,1317,1276,1265,2256,2790,5,110,1147,POINT (299175 6324435),1
2022-12-19 14:52:03.228,96,6323535.0,299955.0,32719,410,407,685,797,1205,1788,2035,2198,2352,2444,2356,1503,5,112,1242,POINT (299955 6323535),0
2022-12-19 14:52:03.228,97,6327285.0,303555.0,32719,654,868,951,1096,1182,1177,1215,1265,1293,1315,1966,2066,5,130,1135,POINT (303555 6327285),1
2022-12-19 14:52:03.228,98,6326415.0,302145.0,32719,749,670,789,961,1067,1088,1112,1180,1208,1356,2322,2689,5,130,1050,POINT (302145 6326415),1
2022-12-19 14:52:03.228,99,6325695.0,304305.0,32719,391,458,672,925,1265,1876,2012,2093,2316,2314,2246,1494,5,131,1157,POINT (304305 6325695),0
2022-12-24 14:52:03.923,0,6327645.0,299625.0,32719,434,499,732,815,1219,1973,2291,2447,2542,2610,2529,1732,4,106,1121,POINT (299625 6327645),0
2022-12-24 14:52:03.923,1,6323535.0,299985.0,32719,371,602,861,1257,1533,1875,2105,2297,2449,2426,2925,1945,5,106,1124,POINT (299985 6323535),0
2022-12-24 14:52:03.923,2,6324855.0,298305.0,32719,269,344,480,498,770,1604,1897,1990,2109,2416,1945,1209,4,106,1009,POINT (298305 6324855),0
2022-12-24 14:52:03.923,3,6326835.0,300195.0,32719,518,645,915,1242,1633,2103,2335,2509,2531,2478,3052,2197,5,118,969,POINT (300195 6326835),0
2022-12-24 14:52:03.923,4,6322815.0,299055.0,32719,442,642,904,1368,1631,1939,2154,2369,2536,2673,3293,2091,5,107,1028,POINT (299055 6322815),0
2022-12-24 14:52:03.923,5,6323715.0,303975.0,32719,721,883,988,1208,1348,1380,1520,1630,1653,1700,2792,2904,5,113,888,POINT (303975 6323715),1
2022-12-24 14:52:03.923,6,6327225.0,302835.0,32719,487,675,960,1342,1700,2282,2449,2574,2697,2634,3417,2318,5,121,1094,POINT (302835 6327225),0
2022-12-24 14:52:03.923,7,6324705.0,299505.0,32719,619,768,878,1076,1203,1217,1258,1304,1377,1341,2554,3239,5,105,1141,POINT (299505 6324705),1
2022-12-24 14:52:03.923,8,6323625.0,298545.0,32719,746,1018,1111,1245,1310,1312,1370,1418,1434,1766,2042,2300,5,107,954,POINT (298545 6323625),1
2022-12-24 14:52:03.923,9,6325485.0,304605.0,32719,473,840,1155,1586,1863,2561,2928,3360,3464,3166,3228,2091,5,120,1111,POINT (304605 6325485),0
2022-12-24 14:52:03.923,10,6327345.0,300345.0,32719,529,561,755,941,1258,1778,1997,2121,2160,2135,2585,1778,5,116,1037,POINT (300345 6327345),0
2022-12-24 14:52:03.923,11,6322665.0,301815.0,32719,415,541,739,1163,1385,1629,1809,1990,2089,2145,2901,2103,5,112,743,POINT (301815 6322665),0
2022-12-24 14:52:03.923,12,6327525.0,303465.0,32719,410,581,782,1100,1405,1732,1889,1994,2167,2097,2937,2183,5,120,1152,POINT (303465 6327525),0
2022-12-24 14:52:03.923,13,6325035.0,298935.0,32719,608,698,910,1232,1536,1917,2052,2162,2233,2031,3132,2577,5,103,1063,POINT (298935 6325035),0
2022-12-24 14:52:03.923,14,6322215.0,299625.0,32719,402,593,861,1345,1615,1898,2040,2221,2285,2285,3049,2219,5,104,1025,POINT (299625 6322215),0
2022-12-24 14:52:03.923,15,6323535.0,304725.0,32719,386,614,868,1269,1530,1827,2022,2174,2233,2210,2857,2030,5,112,802,POINT (304725 6323535),0
2022-12-24 14:52:03.923,16,6326265.0,299445.0,32719,412,490,738,1078,1427,1870,2048,2173,2317,2500,3148,2199,5,104,955,POINT (299445 6326265),0
2022-12-24 14:52:03.923,17,6327195.0,304305.0,32719,726,987,1075,1281,1395,1441,1524,1587,1652,1691,2474,2426,5,119,924,POINT (304305 6327195),1
2022-12-24 14:52:03.923,18,6324885.0,302745.0,32719,422,636,856,1220,1500,1687,1839,2074,2163,1956,2706,2121,5,117,905,POINT (302745 6324885),1
2022-12-24 14:52:03.923,19,6322395.0,301635.0,32719,472,608,728,945,1142,1599,1763,1869,1933,2052,2275,1667,5,113,733,POINT (301635 6322395),0
2022-12-24 14:52:03.923,20,6323475.0,299325.0,32719,594,1002,1116,1401,1567,1608,1700,1791,1883,1630,2830,2872,5,107,1168,POINT (299325 6323475),1
2022-12-24 14:52:03.923,21,6324675.0,300585.0,32719,725,890,918,1078,1205,1262,1298,1319,1374,1407,2272,2417,5,123,987,POINT (300585 6324675),1
2022-12-24 14:52:03.923,22,6326715.0,300465.0,32719,659,955,1277,1751,1939,2015,2162,2128,2021,1817,3573,2950,5,117,1220,POINT (300465 6326715),1
2022-12-24 14:52:03.923,23,6327285.0,300855.0,32719,493,652,884,1461,2125,1719,1774,1756,1657,1569,2875,2823,5,117,1298,POINT (300855 6327285),1
2022-12-24 14:52:03.923,24,6325935.0,299205.0,32719,460,537,812,1211,1594,2166,2353,2505,2618,2752,3196,2338,5,103,1000,POINT (299205 6325935),0
2022-12-24 14:52:03.923,25,6322215.0,298575.0,32719,600,832,1159,1634,2062,2511,2768,2974,3124,3097,3536,2444,5,107,1213,POINT (298575 6322215),0
2022-12-24 14:52:03.923,26,6326565.0,304905.0,32719,379,431,551,700,924,1302,1554,1674,1737,2028,2120,1529,5,117,719,POINT (304905 6326565),0
2022-12-24 14:52:03.923,27,6326655.0,298785.0,32719,407,571,750,1111,1339,1611,1865,2099,2268,2214,3524,2190,5,106,974,POINT (298785 6326655),0
2022-12-24 14:52:03.923,28,6326325.0,300045.0,32719,377,529,781,1143,1523,1920,2137,2233,2278,2145,3027,2361,5,118,1054,POINT (300045 6326325),0
2022-12-24 14:52:03.923,29,6326415.0,304815.0,32719,361,457,679,728,1131,1830,2034,2201,2286,2458,2296,1520,4,119,930,POINT (304815 6326415),0
2022-12-24 14:52:03.923,30,6326985.0,303165.0,32719,431,596,761,882,1199,1727,1909,1999,2097,2245,2519,1752,5,120,908,POINT (303165 6326985),0
2022-12-24 14:52:03.923,31,6324645.0,302895.0,32719,713,900,931,1056,1090,1172,1299,1338,1328,1225,2059,2143,2,116,733,POINT (302895 6324645),1
2022-12-24 14:52:03.923,32,6322215.0,300975.0,32719,498,808,1061,1373,1648,2052,2249,2474,2512,2463,2617,1935,5,118,959,POINT (300975 6322215),0
2022-12-24 14:52:03.923,33,6322935.0,301665.0,32719,491,685,961,1349,1648,1993,2201,2345,2456,2378,3045,2389,5,114,933,POINT (301665 6322935),0
2022-12-24 14:52:03.923,34,6326145.0,304275.0,32719,261,248,404,345,670,1792,2106,2329,2362,2430,1503,838,4,120,975,POINT (304275 6326145),0
2022-12-24 14:52:03.923,35,6325365.0,298125.0,32719,540,787,1146,1803,2108,2390,2490,2679,2698,2782,3994,3021,5,104,1107,POINT (298125 6325365),0
2022-12-24 14:52:03.923,36,6324675.0,303135.0,32719,925,1139,1151,1266,1302,1284,1340,1389,1401,1378,2257,2665,5,115,963,POINT (303135 6324675),1
2022-12-24 14:52:03.923,37,6324015.0,303345.0,32719,533,671,938,1363,1627,1974,2146,2329,2400,2711,3369,2444,5,115,823,POINT (303345 6324015),0
2022-12-24 14:52:03.923,38,6327435.0,299355.0,32719,620,581,797,1026,1261,1879,2180,2370,2448,2875,2792,1876,5,106,996,POINT (299355 6327435),0
2022-12-24 14:52:03.923,39,6327435.0,304065.0,32719,464,673,917,1541,1850,2142,2406,2813,3036,2787,3858,2396,5,121,1074,POINT (304065 6327435),0
2022-12-24 14:52:03.923,40,6326715.0,300615.0,32719,561,567,659,839,956,980,1053,1112,1174,1085,2551,3027,5,118,905,POINT (300615 6326715),1
2022-12-24 14:52:03.923,41,6322215.0,301935.0,32719,378,493,639,777,1067,1596,1799,1932,1980,1977,2352,1661,5,115,710,POINT (301935 6322215),0
2022-12-24 14:52:03.923,42,6323775.0,300735.0,32719,493,686,984,1447,1749,2177,2378,2667,2672,2718,2750,1935,5,121,1011,POINT (300735 6323775),0
2022-12-24 14:52:03.923,43,6326985.0,300345.0,32719,551,619,905,1316,1610,1883,1998,2030,2089,2317,3424,2593,5,118,1057,POINT (300345 6326985),0
2022-12-24 14:52:03.923,44,6322335.0,303165.0,32719,528,715,886,1090,1421,1921,2129,2232,2353,2387,2526,1869,5,108,683,POINT (303165 6322335),0
2022-12-24 14:52:03.923,45,6324825.0,303165.0,32719,864,943,977,1122,1156,1174,1243,1298,1290,1314,2227,2592,5,117,881,POINT (303165 6324825),1
2022-12-24 14:52:03.923,46,6323205.0,299625.0,32719,724,778,943,1249,1404,1467,1578,1640,1699,1648,3025,3092,5,106,1016,POINT (299625 6323205),1
2022-12-24 14:52:03.923,47,6326085.0,303945.0,32719,626,781,1089,1510,1840,2376,2495,2671,2932,3125,3177,2387,5,121,1097,POINT (303945 6326085),0
2022-12-24 14:52:03.923,48,6324495.0,298425.0,32719,393,778,1121,1473,1788,2465,2874,3060,3149,2701,3023,2001,5,107,1296,POINT (298425 6324495),0
2022-12-24 14:52:03.923,49,6326505.0,299655.0,32719,443,572,840,1107,1573,2340,2611,2772,2906,2902,3059,2227,5,103,1046,POINT (299655 6326505),0
2022-12-24 14:52:03.923,50,6327435.0,304995.0,32719,379,467,643,887,1182,1547,1687,1821,1997,2085,2506,1727,5,116,848,POINT (304995 6327435),0
2022-12-24 14:52:03.923,51,6326745.0,303105.0,32719,425,574,776,989,1322,1797,2064,2255,2357,2314,2572,1775,5,121,1018,POINT (303105 6326745),0
2022-12-24 14:52:03.923,52,6323055.0,304725.0,32719,682,828,918,1128,1241,1351,1417,1522,1629,1515,2520,2289,5,109,618,POINT (304725 6323055),1
2022-12-24 14:52:03.923,53,6326625.0,299415.0,32719,372,613,878,1302,1646,2193,2459,2656,2729,2687,3030,2221,5,104,1072,POINT (299415 6326625),0
2022-12-24 14:52:03.923,54,6324105.0,303435.0,32719,443,566,794,1108,1488,2024,2277,2549,2644,2703,3311,2216,5,115,904,POINT (303435 6324105),0
2022-12-24 14:52:03.923,55,6326205.0,302685.0,32719,500,536,620,851,985,1025,991,1064,1159,1368,2397,2605,5,119,884,POINT (302685 6326205),1
2022-12-24 14:52:03.923,56,6326085.0,300465.0,32719,626,1127,1804,2548,2560,2739,3000,3022,2888,1435,4023,3563,5,118,1376,POINT (300465 6326085),1
2022-12-24 14:52:03.923,57,6325695.0,301545.0,32719,896,1492,1591,1789,1898,1901,1866,2008,1927,1518,2638,3139,5,119,1173,POINT (301545 6325695),1
2022-12-24 14:52:03.923,58,6327105.0,298395.0,32719,453,598,793,1154,1502,1744,1976,2234,2488,2437,3741,2466,5,106,1071,POINT (298395 6327105),0
2022-12-24 14:52:03.923,59,6324825.0,301275.0,32719,917,1287,1324,1472,1322,1480,1518,1618,1416,1503,2266,2630,5,120,970,POINT (301275 6324825),1
2022-12-24 14:52:03.923,60,6325575.0,298515.0,32719,535,543,787,993,1463,2166,2387,2527,2632,2628,2856,2006,5,102,988,POINT (298515 6325575),0
2022-12-24 14:52:03.923,61,6324165.0,304425.0,32719,475,627,857,1236,1480,1818,1950,2154,2217,2362,2681,1874,5,114,780,POINT (304425 6324165),0
2022-12-24 14:52:03.923,62,6327135.0,301995.0,32719,716,896,1256,1827,2227,2475,2809,3001,3190,3219,4130,3067,5,122,1117,POINT (301995 6327135),0
2022-12-24 14:52:03.923,63,6327345.0,300045.0,32719,402,612,867,1163,1481,1876,2038,2152,2193,2243,3171,2249,5,117,1072,POINT (300045 6327345),0
2022-12-24 14:52:03.923,64,6326955.0,298035.0,32719,448,494,703,930,1389,1798,2079,2245,2395,2356,3077,1967,5,106,1077,POINT (298035 6326955),0
2022-12-24 14:52:03.923,65,6322395.0,298485.0,32719,394,677,940,1068,1405,2003,2238,2327,2517,2513,2130,1361,5,108,1139,POINT (298485 6322395),0
2022-12-24 14:52:03.923,66,6326475.0,305055.0,32719,317,246,393,347,703,1672,1959,2119,2152,2192,1734,1044,4,119,906,POINT (305055 6326475),0
2022-12-24 14:52:03.923,67,6323895.0,299535.0,32719,649,809,894,1130,1249,1331,1260,1325,1417,1363,2191,2516,5,107,1029,POINT (299535 6323895),1
2022-12-24 14:52:03.923,68,6324585.0,300075.0,32719,662,676,763,910,1034,1057,1172,1221,1310,1397,2208,2279,5,123,1004,POINT (300075 6324585),1
2022-12-24 14:52:03.923,69,6322785.0,299805.0,32719,388,516,729,1009,1262,1627,1845,1911,2069,2241,2533,1670,5,105,975,POINT (299805 6322785),0
2022-12-24 14:52:03.923,70,6322155.0,299355.0,32719,382,461,619,721,1105,1564,1756,1891,2022,1954,2417,1676,5,104,931,POINT (299355 6322155),0
2022-12-24 14:52:03.923,71,6322755.0,300915.0,32719,400,612,835,1238,1489,1831,2073,2327,2409,2245,3000,1983,5,119,929,POINT (300915 6322755),0
2022-12-24 14:52:03.923,72,6324735.0,305025.0,32719,366,591,871,1276,1536,1999,2320,2564,2640,2514,2925,1832,5,118,942,POINT (305025 6324735),0
2022-12-24 14:52:03.923,73,6324555.0,301245.0,32719,726,913,1018,1155,1292,1535,1666,1791,1823,1710,2496,2210,5,120,983,POINT (301245 6324555),1
2022-12-24 14:52:03.923,74,6323775.0,299865.0,32719,694,1049,1185,1413,1538,1633,1715,1802,1902,2070,2723,2718,5,107,1068,POINT (299865 6323775),1
2022-12-24 14:52:03.923,75,6327345.0,299115.0,32719,492,660,950,1150,1526,1981,2256,2583,2607,2543,2827,1924,5,106,1198,POINT (299115 6327345),0
2022-12-24 14:52:03.923,76,6326565.0,303045.0,32719,525,699,917,1222,1415,1664,1868,1886,1976,2077,2522,2041,5,121,1094,POINT (303045 6326565),1
2022-12-24 14:52:03.923,77,6322875.0,300735.0,32719,435,558,704,926,1179,1502,1677,1872,1920,1961,2595,1898,5,120,886,POINT (300735 6322875),0
2022-12-24 14:52:03.923,78,6325425.0,299595.0,32719,749,792,1013,1419,1719,1701,1662,1667,1724,1897,3132,3034,5,102,1049,POINT (299595 6325425),1
2022-12-24 14:52:03.923,79,6326235.0,297975.0,32719,469,647,911,1353,1614,1997,2263,2516,2676,2577,3147,2170,5,105,1076,POINT (297975 6326235),0
2022-12-24 14:52:03.923,80,6323895.0,298305.0,32719,864,909,973,1108,1144,1172,1224,1329,1318,1392,2189,2439,5,107,1115,POINT (298305 6323895),1
2022-12-24 14:52:03.923,81,6324345.0,298815.0,32719,759,882,1039,1337,1491,1582,1707,1789,1848,1716,2943,3112,5,105,1163,POINT (298815 6324345),1
2022-12-24 14:52:03.923,82,6326295.0,298965.0,32719,395,433,581,740,963,1237,1468,1572,1658,2075,2240,1550,5,105,873,POINT (298965 6326295),0
2022-12-24 14:52:03.923,83,6326835.0,303525.0,32719,482,574,717,954,1119,1326,1486,1573,1624,1527,2305,1953,5,120,982,POINT (303525 6326835),1
2022-12-24 14:52:03.923,84,6322635.0,304485.0,32719,604,835,887,1071,1173,1222,1219,1299,1378,1828,2182,2342,5,109,708,POINT (304485 6322635),1
2022-12-24 14:52:03.923,85,6327525.0,303645.0,32719,432,567,759,1052,1208,1476,1656,1808,1830,2020,2835,2210,5,121,1017,POINT (303645 6327525),1
2022-12-24 14:52:03.923,86,6327045.0,300615.0,32719,615,622,700,883,947,997,1070,1111,1167,1299,2385,2784,5,120,938,POINT (300615 6327045),1
2022-12-24 14:52:03.923,87,6322995.0,300345.0,32719,459,635,911,1485,1824,2026,2227,2433,2574,2588,3663,2598,5,121,1060,POINT (300345 6322995),0
2022-12-24 14:52:03.923,88,6322545.0,300825.0,32719,429,591,820,1241,1497,1695,1847,2096,2177,2250,2837,1930,5,119,806,POINT (300825 6322545),0
2022-12-24 14:52:03.923,89,6326925.0,304815.0,32719,456,356,460,521,779,1293,1424,1543,1590,1278,1933,1466,5,114,976,POINT (304815 6326925),0
2022-12-24 14:52:03.923,90,6325215.0,304035.0,32719,545,886,1194,1723,2038,2359,2609,2939,3012,2681,4002,2826,5,119,987,POINT (304035 6325215),0
2022-12-24 14:52:03.923,91,6325785.0,298815.0,32719,534,902,1404,2026,2273,2598,2789,2986,2915,2817,4216,3052,5,103,1039,POINT (298815 6325785),0
2022-12-24 14:52:03.923,92,6323235.0,302205.0,32719,458,616,798,1033,1341,1863,2021,2225,2285,2292,2842,2058,5,112,804,POINT (302205 6323235),0
2022-12-24 14:52:03.923,93,6322995.0,300345.0,32719,459,635,911,1485,1824,2026,2227,2433,2574,2588,3663,2598,5,121,1060,POINT (300345 6322995),0
2022-12-24 14:52:03.923,94,6322335.0,304095.0,32719,533,828,1072,1309,1626,2196,2435,2620,2609,2443,2928,2261,5,108,775,POINT (304095 6322335),0
2022-12-24 14:52:03.923,95,6324435.0,299175.0,32719,727,856,938,1099,1190,1173,1202,1281,1288,1283,2272,2891,5,105,1025,POINT (299175 6324435),1
2022-12-24 14:52:03.923,96,6323535.0,299955.0,32719,371,464,700,868,1239,1812,2004,2217,2306,2426,2580,1714,5,106,1044,POINT (299955 6323535),0
2022-12-24 14:52:03.923,97,6327285.0,303555.0,32719,593,848,913,1067,1105,1122,1170,1278,1292,1297,2090,2269,5,119,932,POINT (303555 6327285),1
2022-12-24 14:52:03.923,98,6326415.0,302145.0,32719,695,714,754,942,1036,1079,1123,1175,1231,1353,2295,2768,5,119,860,POINT (302145 6326415),1
2022-12-24 14:52:03.923,99,6325695.0,304305.0,32719,339,488,678,945,1231,1744,1971,2148,2349,2287,2260,1543,5,120,956,POINT (304305 6325695),0
